Date,Close,Open,High,Low,Volume,변동 %
2016-01-04,22850 ,22650 ,23800 ,22350 ,273.73K,1.33%
2016-01-05,22300 ,22400 ,22900 ,22150 ,181.66K,-2.41%
2016-01-06,23000 ,22500 ,23350 ,22350 ,220.77K,3.14%
2016-01-07,22750 ,22800 ,23300 ,22400 ,180.11K,-1.09%
2016-01-08,22850 ,22300 ,23150 ,21750 ,169.57K,0.44%
2016-01-11,22500 ,22800 ,23000 ,22450 ,121.35K,-1.53%
2016-01-12,22150 ,22500 ,22750 ,22150 ,95.44K,-1.56%
2016-01-13,22650 ,22350 ,22750 ,22250 ,143.12K,2.26%
2016-01-14,22300 ,22300 ,22300 ,21700 ,168.28K,-1.55%
2016-01-15,21900 ,22500 ,22850 ,21900 ,183.07K,-1.79%
2016-01-18,21400 ,21400 ,21650 ,21150 ,137.15K,-2.28%
2016-01-19,21600 ,21650 ,21750 ,20700 ,168.96K,0.93%
2016-01-20,21050 ,21700 ,23200 ,20900 ,376.81K,-2.55%
2016-01-21,20950 ,21000 ,21450 ,20850 ,161.60K,-0.48%
2016-01-22,21350 ,21150 ,21450 ,20950 ,129.91K,1.91%
2016-01-25,22200 ,21700 ,22700 ,21400 ,186.53K,3.98%
2016-01-26,21500 ,22400 ,22500 ,21500 ,174.19K,-3.15%
2016-01-27,21150 ,21600 ,21800 ,21000 ,131.11K,-1.63%
2016-01-28,21150 ,20850 ,21350 ,20750 ,114.07K,0.00%
2016-01-29,21400 ,21150 ,21800 ,20800 ,120.95K,1.18%
2016-02-01,24000 ,21650 ,25200 ,21250 ,901.72K,12.15%
2016-02-02,22450 ,23950 ,23950 ,21950 ,545.64K,-6.46%
2016-02-03,21400 ,22250 ,22250 ,21150 ,344.14K,-4.68%
2016-02-04,18900 ,18350 ,19700 ,17550 ,1.29M,-11.68%
2016-02-05,18300 ,19000 ,19250 ,18000 ,434.41K,-3.17%
2016-02-11,18100 ,17500 ,19200 ,17300 ,430.18K,-1.09%
2016-02-12,16550 ,18000 ,18000 ,16200 ,409.50K,-8.56%
2016-02-15,17050 ,17000 ,17150 ,16600 ,188.93K,3.02%
2016-02-16,17900 ,17050 ,17900 ,17000 ,170.13K,4.99%
2016-02-17,17150 ,17850 ,18400 ,16950 ,184.45K,-4.19%
2016-02-18,17400 ,17700 ,17700 ,17300 ,97.23K,1.46%
2016-02-19,18000 ,17450 ,18050 ,16950 ,200.37K,3.45%
2016-02-22,18550 ,18000 ,18750 ,18000 ,206.41K,3.06%
2016-02-23,18200 ,18550 ,18600 ,17900 ,126.52K,-1.89%
2016-02-24,18450 ,18050 ,18700 ,18000 ,101.38K,1.37%
2016-02-25,18100 ,18550 ,18550 ,17950 ,148.85K,-1.90%
2016-02-26,18050 ,18000 ,18250 ,17450 ,130.75K,-0.28%
2016-02-29,18300 ,18050 ,18300 ,17750 ,128.30K,1.39%
2016-03-02,18400 ,18500 ,19400 ,18200 ,341.36K,0.55%
2016-03-03,18900 ,18600 ,19000 ,18350 ,191.10K,2.72%
2016-03-04,19100 ,19100 ,19450 ,18900 ,203.83K,1.06%
2016-03-07,20100 ,19300 ,20450 ,19150 ,354.27K,5.24%
2016-03-08,20250 ,20250 ,20400 ,19650 ,159.62K,0.75%
2016-03-09,19900 ,20200 ,20650 ,19850 ,174.19K,-1.73%
2016-03-10,20250 ,19900 ,20250 ,19700 ,123.50K,1.76%
2016-03-11,19800 ,20150 ,20250 ,19300 ,164.29K,-2.22%
2016-03-14,19450 ,19600 ,19800 ,19350 ,104.76K,-1.77%
2016-03-15,19000 ,19650 ,19650 ,19000 ,107.48K,-2.31%
2016-03-16,19100 ,18850 ,19500 ,18850 ,127.63K,0.53%
2016-03-17,19150 ,19100 ,19300 ,18600 ,170.97K,0.26%
2016-03-18,19400 ,19150 ,19650 ,19000 ,141.63K,1.31%
2016-03-21,18800 ,19650 ,19650 ,18800 ,132.79K,-3.09%
2016-03-22,18400 ,18800 ,19000 ,18300 ,145.81K,-2.13%
2016-03-23,18200 ,18450 ,18700 ,18050 ,109.27K,-1.09%
2016-03-24,18050 ,18300 ,18350 ,17800 ,183.36K,-0.82%
2016-03-25,17900 ,17950 ,18200 ,17750 ,102.01K,-0.83%
2016-03-28,18700 ,18000 ,18700 ,17750 ,163.02K,4.47%
2016-03-29,18300 ,18750 ,18800 ,18300 ,133.75K,-2.14%
2016-03-30,17900 ,18350 ,18350 ,17900 ,125.33K,-2.19%
2016-03-31,17550 ,18000 ,18250 ,17500 ,117.47K,-1.96%
2016-04-01,17500 ,17550 ,17950 ,17350 ,153.05K,-0.28%
2016-04-04,17950 ,17500 ,17950 ,16950 ,330.65K,2.57%
2016-04-05,18450 ,17950 ,18550 ,17650 ,199.33K,2.79%
2016-04-06,18850 ,18300 ,19300 ,18200 ,344.34K,2.17%
2016-04-07,18700 ,18850 ,19050 ,18450 ,188.00K,-0.80%
2016-04-08,18300 ,18700 ,18700 ,18200 ,139.61K,-2.14%
2016-04-11,18550 ,18450 ,18900 ,18250 ,147.83K,1.37%
2016-04-12,18150 ,18600 ,18600 ,18100 ,147.99K,-2.16%
2016-04-14,18100 ,18100 ,18500 ,18000 ,115.27K,-0.28%
2016-04-15,17950 ,18150 ,18250 ,17850 ,150.81K,-0.83%
2016-04-18,17950 ,18100 ,18200 ,17750 ,108.21K,0.00%
2016-04-19,18000 ,18000 ,18250 ,17900 ,112.43K,0.28%
2016-04-20,18200 ,18000 ,18700 ,17800 ,257.94K,1.11%
2016-04-21,18200 ,18200 ,18500 ,18100 ,141.75K,0.00%
2016-04-22,19200 ,18400 ,19200 ,18000 ,362.56K,5.49%
2016-04-25,19100 ,19450 ,19550 ,18850 ,277.22K,-0.52%
2016-04-26,19200 ,19200 ,19250 ,18750 ,190.91K,0.52%
2016-04-27,19150 ,19250 ,19900 ,19100 ,348.32K,-0.26%
2016-04-28,19550 ,19250 ,19700 ,19000 ,239.34K,2.09%
2016-04-29,20600 ,20500 ,21050 ,20050 ,941.74K,5.37%
2016-05-02,20350 ,20550 ,21150 ,19200 ,596.44K,-1.21%
2016-05-03,18950 ,20200 ,20250 ,18200 ,619.48K,-6.88%
2016-05-04,18650 ,18550 ,19200 ,18350 ,268.65K,-1.58%
2016-05-09,18100 ,18650 ,18900 ,18100 ,188.00K,-2.95%
2016-05-10,18550 ,18100 ,18800 ,18100 ,152.13K,2.49%
2016-05-11,18400 ,18700 ,18750 ,18200 ,104.58K,-0.81%
2016-05-12,18300 ,18200 ,18400 ,18200 ,93.90K,-0.54%
2016-05-13,18300 ,18200 ,18550 ,18200 ,108.39K,0.00%
2016-05-16,18100 ,18250 ,18350 ,17850 ,164.92K,-1.09%
2016-05-17,17550 ,18050 ,18050 ,17550 ,229.74K,-3.04%
2016-05-18,17000 ,17450 ,17450 ,16800 ,229.69K,-3.13%
2016-05-19,17150 ,16750 ,17450 ,16750 ,118.48K,0.88%
2016-05-20,18000 ,17300 ,18150 ,17000 ,251.75K,4.96%
2016-05-23,17950 ,18100 ,18200 ,17600 ,159.58K,-0.28%
2016-05-24,18200 ,17900 ,18950 ,17550 ,400.97K,1.39%
2016-05-25,17600 ,18300 ,18350 ,17600 ,172.86K,-3.30%
2016-05-26,17300 ,17600 ,17850 ,17150 ,159.48K,-1.70%
2016-05-27,17400 ,17150 ,17500 ,17150 ,97.85K,0.58%
2016-05-29,17400 ,17400 ,17400 ,17400 ,-,0.00%
2016-05-30,17300 ,17700 ,17700 ,17050 ,87.64K,-0.57%
2016-05-31,17500 ,17300 ,17500 ,17100 ,160.29K,1.16%
2016-06-01,17450 ,17500 ,17650 ,17200 ,127.66K,-0.29%
2016-06-02,17500 ,17450 ,17750 ,17350 ,163.88K,0.29%
2016-06-03,17300 ,17550 ,17650 ,17150 ,125.84K,-1.14%
2016-06-06,17300 ,17300 ,17300 ,17300 ,0.23K,0.00%
2016-06-07,17700 ,17500 ,17800 ,17300 ,138.04K,2.31%
2016-06-08,17600 ,17750 ,17800 ,17300 ,152.35K,-0.56%
2016-06-09,18100 ,17600 ,18250 ,17600 ,315.04K,2.84%
2016-06-10,18050 ,18150 ,18250 ,17900 ,135.04K,-0.28%
2016-06-13,17800 ,18000 ,18100 ,17650 ,142.19K,-1.39%
2016-06-14,17300 ,17700 ,17800 ,17150 ,164.61K,-2.81%
2016-06-15,19300 ,17700 ,20650 ,17500 ,3.07M,11.56%
2016-06-16,18600 ,19700 ,20100 ,18350 ,936.05K,-3.63%
2016-06-17,19050 ,18600 ,19400 ,18300 ,555.39K,2.42%
2016-06-19,19050 ,19050 ,19050 ,19050 ,0.67K,0.00%
2016-06-20,19050 ,19250 ,19450 ,18850 ,312.87K,0.00%
2016-06-21,18800 ,19000 ,19050 ,18350 ,330.04K,-1.31%
2016-06-22,19000 ,19000 ,20050 ,18900 ,784.16K,1.06%
2016-06-23,19200 ,19200 ,19750 ,18500 ,539.66K,1.05%
2016-06-24,18900 ,19550 ,20100 ,17800 ,1.21M,-1.56%
2016-06-26,18900 ,18900 ,18900 ,18900 ,0.03K,0.00%
2016-06-27,18850 ,18250 ,19000 ,18100 ,375.36K,-0.26%
2016-06-28,19700 ,18500 ,19750 ,18400 ,593.99K,4.51%
2016-06-29,20300 ,20200 ,20850 ,19800 ,1.06M,3.05%
2016-06-30,21150 ,20400 ,21150 ,19850 ,708.45K,4.19%
2016-07-01,21100 ,21550 ,21600 ,20900 ,605.40K,-0.24%
2016-07-03,21100 ,21100 ,21100 ,21100 ,-,0.00%
2016-07-04,21350 ,21200 ,21750 ,21100 ,449.47K,1.18%
2016-07-05,21200 ,21150 ,22300 ,20500 ,776.04K,-0.70%
2016-07-06,20750 ,20800 ,21400 ,20650 ,278.29K,-2.12%
2016-07-07,21100 ,20750 ,21500 ,20750 ,270.71K,1.69%
2016-07-08,20400 ,21100 ,21150 ,20100 ,349.58K,-3.32%
2016-07-10,20400 ,20400 ,20400 ,20400 ,0.34K,0.00%
2016-07-11,20500 ,20350 ,20550 ,20000 ,166.80K,0.49%
2016-07-12,20400 ,20500 ,20600 ,20100 ,231.37K,-0.49%
2016-07-13,19800 ,20500 ,21000 ,19250 ,489.71K,-2.94%
2016-07-14,19700 ,20000 ,20350 ,19400 ,346.64K,-0.51%
2016-07-15,20000 ,19800 ,20500 ,19300 ,347.13K,1.52%
2016-07-17,20000 ,20000 ,20000 ,20000 ,1.10K,0.00%
2016-07-18,19950 ,20050 ,20250 ,19750 ,201.90K,-0.25%
2016-07-19,19350 ,20000 ,20100 ,19300 ,236.53K,-3.01%
2016-07-20,19200 ,19450 ,19600 ,19100 ,186.35K,-0.78%
2016-07-21,19450 ,19300 ,19750 ,19200 ,214.12K,1.30%
2016-07-22,19350 ,19350 ,19500 ,19100 ,136.06K,-0.51%
2016-07-24,19350 ,19350 ,19350 ,19350 ,0.12K,0.00%
2016-07-25,19200 ,19450 ,19450 ,19150 ,125.87K,-0.78%
2016-07-26,18900 ,19250 ,19250 ,18900 ,162.88K,-1.56%
2016-07-27,18400 ,19050 ,19150 ,18350 ,251.16K,-2.65%
2016-07-28,18750 ,18300 ,18750 ,18150 ,197.72K,1.90%
2016-07-29,18250 ,18550 ,18750 ,18150 ,173.99K,-2.67%
2016-08-01,18050 ,18200 ,18400 ,18000 ,113.56K,-1.10%
2016-08-02,17800 ,18050 ,18150 ,17750 ,175.47K,-1.39%
2016-08-03,17650 ,17800 ,17900 ,17450 ,134.85K,-0.84%
2016-08-04,17800 ,17600 ,18000 ,17600 ,85.54K,0.85%
2016-08-05,17600 ,17900 ,17950 ,17500 ,159.59K,-1.12%
2016-08-08,18000 ,17650 ,18000 ,17550 ,82.79K,2.27%
2016-08-09,18400 ,18200 ,18750 ,18150 ,227.66K,2.22%
2016-08-10,18150 ,18250 ,18500 ,18100 ,102.34K,-1.36%
2016-08-11,18150 ,18250 ,18250 ,18000 ,98.71K,0.00%
2016-08-12,17900 ,18200 ,18200 ,17800 ,136.37K,-1.38%
2016-08-15,17900 ,17900 ,17900 ,17900 ,0.07K,0.00%
2016-08-16,17600 ,17750 ,17950 ,17600 ,148.81K,-1.68%
2016-08-17,17800 ,17650 ,17950 ,17550 ,105.47K,1.14%
2016-08-18,17650 ,17850 ,17900 ,17600 ,98.13K,-0.84%
2016-08-19,17750 ,17650 ,17800 ,17600 ,75.76K,0.57%
2016-08-22,18300 ,17750 ,18900 ,17650 ,385.50K,3.10%
2016-08-23,18350 ,18450 ,18950 ,18250 ,226.93K,0.27%
2016-08-24,17950 ,18300 ,18500 ,17950 ,125.59K,-2.18%
2016-08-25,18050 ,17950 ,18400 ,17700 ,108.30K,0.56%
2016-08-26,17850 ,18200 ,18250 ,17750 ,109.07K,-1.11%
2016-08-28,17850 ,17850 ,17850 ,17850 ,-,0.00%
2016-08-29,17100 ,17850 ,17850 ,16900 ,286.54K,-4.20%
2016-08-30,17350 ,17050 ,17450 ,17050 ,74.62K,1.46%
2016-08-31,16950 ,17300 ,17450 ,16650 ,158.51K,-2.31%
2016-09-01,17200 ,16800 ,17200 ,16800 ,71.14K,1.47%
2016-09-02,18150 ,17200 ,18250 ,17000 ,211.10K,5.52%
2016-09-05,17950 ,18200 ,18200 ,17750 ,171.89K,-1.10%
2016-09-06,18800 ,18300 ,18800 ,18100 ,350.48K,4.74%
2016-09-07,18800 ,18800 ,19200 ,18650 ,304.24K,0.00%
2016-09-08,19500 ,19000 ,19750 ,18900 ,574.60K,3.72%
2016-09-09,18700 ,19750 ,20000 ,18700 ,508.39K,-4.10%
2016-09-12,18450 ,18100 ,19200 ,18100 ,211.39K,-1.34%
2016-09-13,18550 ,18600 ,19050 ,18300 ,147.64K,0.54%
2016-09-18,18550 ,18550 ,18550 ,18550 ,-,0.00%
2016-09-19,18350 ,18250 ,18650 ,18250 ,131.19K,-1.08%
2016-09-20,18850 ,18350 ,18900 ,18150 ,121.56K,2.72%
2016-09-21,18550 ,19000 ,19000 ,18500 ,114.11K,-1.59%
2016-09-22,18250 ,18700 ,18850 ,18200 ,175.02K,-1.62%
2016-09-23,18150 ,18300 ,18350 ,17950 ,194.92K,-0.55%
2016-09-25,18150 ,18150 ,18150 ,18150 ,-,0.00%
2016-09-26,17800 ,18050 ,18100 ,17750 ,177.33K,-1.93%
2016-09-27,17850 ,17750 ,17950 ,17600 ,139.85K,0.28%
2016-09-28,17900 ,17950 ,18050 ,17700 ,107.23K,0.28%
2016-09-29,17750 ,17850 ,18000 ,17650 ,107.98K,-0.84%
2016-09-30,17300 ,17750 ,17750 ,17250 ,193.44K,-2.54%
2016-10-03,17300 ,17300 ,17300 ,17300 ,0.09K,0.00%
2016-10-04,17450 ,17100 ,17500 ,16850 ,181.13K,0.87%
2016-10-05,17650 ,17400 ,17850 ,17400 ,129.69K,1.15%
2016-10-06,17700 ,17650 ,17800 ,17400 ,145.04K,0.28%
2016-10-07,17250 ,17800 ,17850 ,17250 ,123.99K,-2.54%
2016-10-09,17250 ,17250 ,17250 ,17250 ,0.10K,0.00%
2016-10-10,17450 ,17250 ,17550 ,17150 ,84.72K,1.16%
2016-10-11,17450 ,17450 ,17550 ,17250 ,69.90K,0.00%
2016-10-12,17200 ,17450 ,17500 ,17150 ,95.72K,-1.43%
2016-10-13,17250 ,17100 ,17350 ,17000 ,90.30K,0.29%
2016-10-14,17000 ,17250 ,17350 ,17000 ,92.26K,-1.45%
2016-10-17,16600 ,17050 ,17100 ,16550 ,133.90K,-2.35%
2016-10-18,16300 ,16600 ,16600 ,15850 ,230.95K,-1.81%
2016-10-19,16100 ,16500 ,16500 ,16000 ,103.07K,-1.23%
2016-10-20,16350 ,16150 ,16750 ,16150 ,115.89K,1.55%
2016-10-21,16250 ,16400 ,16500 ,16250 ,72.43K,-0.61%
2016-10-23,16250 ,16250 ,16250 ,16250 ,-,0.00%
2016-10-24,16100 ,16250 ,16350 ,16000 ,84.91K,-0.92%
2016-10-25,15850 ,16150 ,16250 ,15800 ,144.08K,-1.55%
2016-10-26,15350 ,15800 ,16000 ,14800 ,249.29K,-3.15%
2016-10-27,15750 ,15150 ,15750 ,15150 ,93.31K,2.61%
2016-10-28,15150 ,15800 ,15800 ,15150 ,117.42K,-3.81%
2016-10-30,15150 ,15150 ,15150 ,15150 ,0.02K,0.00%
2016-10-31,14400 ,15300 ,15300 ,14300 ,174.08K,-4.95%
2016-11-01,14550 ,14400 ,14700 ,14100 ,130.77K,1.04%
2016-11-02,14700 ,14350 ,15000 ,14350 ,158.33K,1.03%
2016-11-03,14700 ,14600 ,14850 ,14450 ,93.76K,0.00%
2016-11-04,14400 ,14550 ,14750 ,14200 ,87.66K,-2.04%
2016-11-07,14400 ,14450 ,14650 ,14250 ,107.64K,0.00%
2016-11-08,15100 ,14550 ,15250 ,14300 ,180.18K,4.86%
2016-11-09,14100 ,15150 ,15150 ,13550 ,357.47K,-6.62%
2016-11-10,14800 ,14500 ,14800 ,14350 ,186.42K,4.96%
2016-11-11,14400 ,14700 ,14750 ,14400 ,133.75K,-2.70%
2016-11-13,14400 ,14400 ,14400 ,14400 ,-,0.00%
2016-11-14,14450 ,14550 ,14600 ,14100 ,157.81K,0.35%
2016-11-15,14100 ,14300 ,14450 ,14000 ,110.31K,-2.42%
2016-11-16,13500 ,14000 ,14000 ,13250 ,368.57K,-4.26%
2016-11-17,13250 ,13400 ,13600 ,13150 ,208.61K,-1.85%
2016-11-18,12400 ,13100 ,13300 ,12350 ,463.99K,-6.42%
2016-11-21,12450 ,12550 ,12650 ,12100 ,221.62K,0.40%
2016-11-22,12300 ,12550 ,12700 ,12150 ,194.03K,-1.20%
2016-11-23,11650 ,12300 ,12450 ,11250 ,607.13K,-5.28%
2016-11-24,11850 ,11700 ,12300 ,11650 ,335.36K,1.72%
2016-11-25,12150 ,11850 ,12450 ,11700 ,213.45K,2.53%
2016-11-28,11900 ,12100 ,12350 ,11750 ,163.78K,-2.06%
2016-11-29,12100 ,11700 ,12200 ,11700 ,131.87K,1.68%
2016-11-30,12250 ,12100 ,12300 ,11750 ,176.92K,1.24%
2016-12-01,12050 ,12200 ,12250 ,11950 ,118.94K,-1.63%
2016-12-02,11850 ,12050 ,12350 ,11500 ,212.30K,-1.66%
2016-12-05,11500 ,11850 ,11850 ,11400 ,119.84K,-2.95%
2016-12-06,11600 ,11450 ,11750 ,11450 ,109.05K,0.87%
2016-12-07,11000 ,11600 ,11700 ,10800 ,252.97K,-5.17%
2016-12-08,11350 ,11000 ,11400 ,10950 ,192.63K,3.18%
2016-12-09,12450 ,11500 ,12450 ,11350 ,389.33K,9.69%
2016-12-12,12800 ,12700 ,13100 ,12550 ,307.84K,2.81%
2016-12-13,12950 ,12600 ,13050 ,12600 ,128.33K,1.17%
2016-12-14,12950 ,13000 ,13100 ,12700 ,113.17K,0.00%
2016-12-15,13600 ,12750 ,13650 ,12750 ,174.12K,5.02%
2016-12-16,13400 ,13600 ,13900 ,13350 ,159.55K,-1.47%
2016-12-19,13200 ,13400 ,13450 ,12600 ,100.74K,-1.49%
2016-12-20,12900 ,13050 ,13200 ,12900 ,112.81K,-2.27%
2016-12-21,12750 ,12850 ,12950 ,12550 ,124.12K,-1.16%
2016-12-22,12850 ,12650 ,13200 ,12550 ,105.88K,0.78%
2016-12-23,13750 ,13000 ,14600 ,12900 ,743.11K,7.00%
2016-12-26,13600 ,13950 ,14100 ,13500 ,187.82K,-1.09%
2016-12-27,13750 ,13800 ,14350 ,13400 ,279.94K,1.10%
2016-12-28,14050 ,13900 ,14150 ,13650 ,154.50K,2.18%
2016-12-29,14550 ,13900 ,14750 ,13850 ,247.55K,3.56%
2017-01-02,14350 ,14550 ,15000 ,14350 ,147.10K,-1.37%
2017-01-03,13950 ,14200 ,14250 ,13700 ,182.09K,-2.79%
2017-01-04,13950 ,14050 ,14150 ,13800 ,107.91K,0.00%
2017-01-05,14200 ,14050 ,14300 ,13800 ,161.50K,1.79%
2017-01-06,13900 ,14500 ,14500 ,13850 ,158.28K,-2.11%
2017-01-09,13800 ,14100 ,14150 ,13700 ,100.54K,-0.72%
2017-01-10,13700 ,13800 ,13900 ,13650 ,61.63K,-0.72%
2017-01-11,13350 ,13700 ,13750 ,13250 ,127.50K,-2.55%
2017-01-12,13550 ,13150 ,13700 ,13150 ,152.70K,1.50%
2017-01-13,13250 ,13650 ,13700 ,13250 ,110.50K,-2.21%
2017-01-16,13150 ,13150 ,13350 ,13050 ,79.11K,-0.75%
2017-01-17,13050 ,13150 ,13300 ,13050 ,58.04K,-0.76%
2017-01-18,13200 ,13050 ,13300 ,12700 ,76.85K,1.15%
2017-01-19,12700 ,13150 ,13200 ,12700 ,148.73K,-3.79%
2017-01-20,12350 ,12750 ,12750 ,12350 ,127.28K,-2.76%
2017-01-23,11950 ,12250 ,12400 ,11950 ,99.39K,-3.24%
2017-01-24,11800 ,12000 ,12100 ,11700 ,105.91K,-1.26%
2017-01-25,11950 ,12100 ,12100 ,11800 ,50.80K,1.27%
2017-01-26,12050 ,12000 ,12200 ,11900 ,53.57K,0.84%
2017-01-31,12100 ,12050 ,12250 ,12000 ,59.06K,0.41%
2017-02-01,12450 ,12250 ,12700 ,12200 ,74.39K,2.89%
2017-02-02,12500 ,12350 ,12750 ,12200 ,94.32K,0.40%
2017-02-03,12250 ,12450 ,12600 ,12200 ,80.56K,-2.00%
2017-02-06,12000 ,12300 ,12400 ,11950 ,98.57K,-2.04%
2017-02-07,12250 ,11900 ,12300 ,11900 ,71.78K,2.08%
2017-02-08,12250 ,12300 ,12400 ,12100 ,66.90K,0.00%
2017-02-09,12100 ,12300 ,12350 ,12100 ,64.28K,-1.22%
2017-02-10,12400 ,12050 ,12500 ,12050 ,128.52K,2.48%
2017-02-13,13300 ,12600 ,13300 ,12550 ,173.55K,7.26%
2017-02-14,12800 ,13200 ,13200 ,12750 ,84.61K,-3.76%
2017-02-15,13050 ,12800 ,13050 ,12700 ,62.75K,1.95%
2017-02-16,13050 ,13050 ,13150 ,12800 ,75.49K,0.00%
2017-02-17,12900 ,13000 ,13050 ,12800 ,69.86K,-1.15%
2017-02-19,12900 ,12900 ,12900 ,12900 ,0.10K,0.00%
2017-02-20,12900 ,12900 ,12950 ,12700 ,56.58K,0.00%
2017-02-21,12900 ,12900 ,13250 ,12850 ,103.22K,0.00%
2017-02-22,12950 ,12900 ,13100 ,12850 ,63.49K,0.39%
2017-02-23,12750 ,13250 ,13250 ,12750 ,108.25K,-1.54%
2017-02-24,12750 ,12850 ,12950 ,12550 ,80.54K,0.00%
2017-02-27,12300 ,12550 ,12550 ,12100 ,155.02K,-3.53%
2017-02-28,12300 ,12400 ,12400 ,12100 ,42.06K,0.00%
2017-03-01,12300 ,12300 ,12300 ,12300 ,0.02K,0.00%
2017-03-02,12200 ,12350 ,12450 ,12100 ,87.13K,-0.81%
2017-03-03,11650 ,12100 ,12200 ,11450 ,190.41K,-4.51%
2017-03-06,11750 ,11700 ,11850 ,11450 ,63.86K,0.86%
2017-03-07,12000 ,11800 ,12050 ,11750 ,96.92K,2.13%
2017-03-08,12000 ,12000 ,12100 ,11900 ,38.29K,0.00%
2017-03-09,12100 ,12450 ,12450 ,11950 ,102.96K,0.83%
2017-03-10,12350 ,12050 ,12350 ,11900 ,61.51K,2.07%
2017-03-13,12350 ,12350 ,12400 ,12150 ,51.28K,0.00%
2017-03-14,12250 ,12250 ,12500 ,12200 ,66.47K,-0.81%
2017-03-15,12050 ,12250 ,12300 ,12050 ,36.41K,-1.63%
2017-03-16,12250 ,12100 ,12400 ,12000 ,76.12K,1.66%
2017-03-17,12400 ,12250 ,12400 ,12100 ,71.72K,1.22%
2017-03-20,12550 ,12550 ,12700 ,12300 ,102.59K,1.21%
2017-03-21,12450 ,12650 ,12650 ,12250 ,90.27K,-0.80%
2017-03-22,12300 ,12450 ,12450 ,12150 ,55.07K,-1.20%
2017-03-23,12000 ,12300 ,12300 ,12000 ,64.84K,-2.44%
2017-03-24,12300 ,12000 ,12300 ,11900 ,70.14K,2.50%
2017-03-27,12100 ,12400 ,12400 ,12100 ,68.67K,-1.63%
2017-03-28,12250 ,12000 ,12300 ,11900 ,109.80K,1.24%
2017-03-29,13000 ,12300 ,13300 ,12300 ,413.42K,6.12%
2017-03-30,13400 ,13300 ,13550 ,13000 ,247.22K,3.08%
2017-03-31,13400 ,13500 ,13700 ,13100 ,233.71K,0.00%
2017-04-02,13400 ,13400 ,13400 ,13400 ,0.60K,0.00%
2017-04-03,14000 ,13300 ,14000 ,13200 ,200.19K,4.48%
2017-04-04,14050 ,14000 ,14200 ,13750 ,171.06K,0.36%
2017-04-05,14050 ,14150 ,14500 ,13650 ,247.78K,0.00%
2017-04-06,14150 ,14000 ,14300 ,13850 ,118.30K,0.71%
2017-04-07,14050 ,14100 ,14450 ,13900 ,152.41K,-0.71%
2017-04-10,13550 ,14050 ,14050 ,13400 ,162.46K,-3.56%
2017-04-11,13600 ,13700 ,14050 ,13400 ,136.42K,0.37%
2017-04-12,13750 ,13650 ,14650 ,13350 ,400.70K,1.10%
2017-04-13,13250 ,13700 ,13700 ,13100 ,191.93K,-3.64%
2017-04-14,12900 ,13250 ,13250 ,12850 ,126.75K,-2.64%
2017-04-17,13000 ,12950 ,13300 ,12900 ,105.54K,0.78%
2017-04-18,13000 ,13100 ,13250 ,12950 ,77.21K,0.00%
2017-04-19,12900 ,12900 ,13050 ,12700 ,99.62K,-0.77%
2017-04-20,12850 ,13000 ,13100 ,12750 ,85.00K,-0.39%
2017-04-21,12800 ,12950 ,13000 ,12750 ,91.21K,-0.39%
2017-04-23,12800 ,12800 ,12800 ,12800 ,-,0.00%
2017-04-24,12600 ,12800 ,12850 ,12550 ,72.44K,-1.56%
2017-04-25,12750 ,12650 ,12800 ,12500 ,77.91K,1.19%
2017-04-26,13250 ,12650 ,13350 ,12650 ,148.58K,3.92%
2017-04-27,13000 ,13200 ,13250 ,12850 ,87.20K,-1.89%
2017-04-28,13050 ,13000 ,13150 ,12800 ,80.27K,0.38%
2017-05-02,13000 ,13200 ,13200 ,12750 ,68.61K,-0.38%
2017-05-04,13200 ,13200 ,13300 ,13000 ,48.22K,1.54%
2017-05-08,13600 ,13250 ,13800 ,13200 ,174.10K,3.03%
2017-05-10,13600 ,13750 ,13850 ,13500 ,126.55K,0.00%
2017-05-11,13750 ,13550 ,13900 ,13500 ,97.26K,1.10%
2017-05-12,13800 ,13750 ,13900 ,13550 ,93.71K,0.36%
2017-05-14,13800 ,13800 ,13800 ,13800 ,-,0.00%
2017-05-15,13200 ,14000 ,14200 ,13150 ,178.50K,-4.35%
2017-05-16,13200 ,13350 ,13350 ,13100 ,76.84K,0.00%
2017-05-17,13450 ,13450 ,13650 ,13300 ,113.80K,1.89%
2017-05-18,13150 ,13150 ,13300 ,13000 ,87.15K,-2.23%
2017-05-19,13050 ,13200 ,13200 ,12850 ,134.16K,-0.76%
2017-05-22,13200 ,13000 ,13300 ,12900 ,79.74K,1.15%
2017-05-23,13050 ,13100 ,13250 ,13000 ,63.75K,-1.14%
2017-05-24,13000 ,13150 ,13150 ,12900 ,65.23K,-0.38%
2017-05-25,12700 ,12950 ,13050 ,12650 ,144.04K,-2.31%
2017-05-26,13000 ,12700 ,13050 ,12700 ,98.75K,2.36%
2017-05-28,13000 ,13000 ,13000 ,13000 ,-,0.00%
2017-05-29,12800 ,13050 ,13100 ,12800 ,97.28K,-1.54%
2017-05-30,13250 ,12900 ,13450 ,12750 ,347.13K,3.52%
2017-05-31,13300 ,13350 ,13450 ,13100 ,183.60K,0.38%
2017-06-01,13200 ,13300 ,13350 ,13100 ,128.81K,-0.75%
2017-06-02,13650 ,13250 ,13800 ,13250 ,321.21K,3.41%
2017-06-05,13700 ,13850 ,13850 ,13550 ,165.93K,0.37%
2017-06-06,13700 ,13700 ,13700 ,13700 ,-,0.00%
2017-06-07,13400 ,13700 ,13700 ,13250 ,194.03K,-2.19%
2017-06-08,13400 ,13400 ,13650 ,13250 ,202.92K,0.00%
2017-06-09,13950 ,13400 ,14150 ,13350 ,428.77K,4.10%
2017-06-11,13950 ,13950 ,13950 ,13950 ,0.28K,0.00%
2017-06-12,13900 ,13900 ,14450 ,13850 ,380.17K,-0.36%
2017-06-13,13900 ,13800 ,14000 ,13750 ,143.75K,0.00%
2017-06-14,14500 ,13950 ,14550 ,13850 ,462.55K,4.32%
2017-06-15,13750 ,14450 ,14450 ,13750 ,353.54K,-5.17%
2017-06-16,13350 ,13800 ,13850 ,13300 ,265.58K,-2.91%
2017-06-18,13350 ,13350 ,13350 ,13350 ,-,0.00%
2017-06-19,13400 ,13300 ,13650 ,13300 ,193.57K,0.37%
2017-06-20,12600 ,13400 ,13450 ,12300 ,449.42K,-5.97%
2017-06-21,12550 ,12500 ,12700 ,12400 ,136.59K,-0.40%
2017-06-22,12700 ,12600 ,12800 ,12500 ,114.66K,1.20%
2017-06-23,12600 ,12650 ,12800 ,12500 ,99.69K,-0.79%
2017-06-25,12600 ,12600 ,12600 ,12600 ,-,0.00%
2017-06-26,12350 ,12600 ,12750 ,12350 ,129.32K,-1.98%
2017-06-27,12450 ,12350 ,12750 ,12150 ,121.37K,0.81%
2017-06-28,12100 ,12450 ,12500 ,12050 ,152.49K,-2.81%
2017-06-29,12100 ,12200 ,12300 ,12000 ,109.19K,0.00%
2017-06-30,12500 ,12050 ,12500 ,11950 ,143.51K,3.31%
2017-07-02,12500 ,12500 ,12500 ,12500 ,0.99K,0.00%
2017-07-03,12150 ,12500 ,12500 ,12150 ,71.42K,-2.80%
2017-07-04,12050 ,12150 ,12200 ,12000 ,84.75K,-0.82%
2017-07-05,12100 ,12050 ,12350 ,12000 ,88.02K,0.41%
2017-07-06,12050 ,12100 ,12250 ,12000 ,59.16K,-0.41%
2017-07-07,12000 ,12050 ,12050 ,11800 ,134.68K,-0.41%
2017-07-09,12000 ,12000 ,12000 ,12000 ,-,0.00%
2017-07-10,11800 ,12000 ,12000 ,11750 ,85.52K,-1.67%
2017-07-11,11300 ,11800 ,11850 ,11250 ,170.94K,-4.24%
2017-07-12,11450 ,11250 ,11600 ,11250 ,97.20K,1.33%
2017-07-13,11450 ,11450 ,11750 ,11200 ,170.73K,0.00%
2017-07-14,11250 ,11450 ,11450 ,11150 ,167.69K,-1.75%
2017-07-17,11250 ,11200 ,11300 ,10900 ,174.47K,0.00%
2017-07-18,11150 ,11200 ,11400 ,11000 ,118.01K,-0.89%
2017-07-19,11200 ,11150 ,11200 ,10950 ,111.79K,0.45%
2017-07-20,11050 ,11250 ,11250 ,11000 ,111.88K,-1.34%
2017-07-21,11500 ,11050 ,11500 ,10900 ,215.20K,4.07%
2017-07-24,11200 ,11400 ,11600 ,11100 ,137.37K,-2.61%
2017-07-25,11000 ,11200 ,11200 ,10800 ,172.68K,-1.79%
2017-07-26,10900 ,11050 ,11050 ,10700 ,163.49K,-0.91%
2017-07-27,10800 ,10900 ,10950 ,10700 ,82.35K,-0.92%
2017-07-28,11150 ,10750 ,11250 ,10700 ,185.81K,3.24%
2017-07-31,10900 ,11150 ,11200 ,10700 ,151.88K,-2.24%
2017-08-01,11000 ,10900 ,11050 ,10850 ,72.43K,0.92%
2017-08-02,10750 ,11000 ,11050 ,10750 ,101.71K,-2.27%
2017-08-03,10600 ,10700 ,10850 ,10350 ,166.11K,-1.40%
2017-08-04,10650 ,10650 ,10650 ,9980 ,317.59K,0.47%
2017-08-07,10450 ,10650 ,10700 ,10400 ,99.11K,-1.88%
2017-08-08,10500 ,10500 ,10500 ,10300 ,94.31K,0.48%
2017-08-09,10150 ,10400 ,10450 ,10050 ,180.73K,-3.33%
2017-08-10,10200 ,10150 ,11150 ,10100 ,532.19K,0.49%
2017-08-11,10300 ,10050 ,10450 ,10000 ,154.60K,0.98%
2017-08-14,10550 ,10450 ,10700 ,10350 ,127.92K,2.43%
2017-08-16,10550 ,10800 ,10850 ,10500 ,132.48K,0.00%
2017-08-17,10900 ,10550 ,10900 ,10500 ,112.97K,3.32%
2017-08-18,10950 ,10700 ,11000 ,10650 ,92.66K,0.46%
2017-08-21,10900 ,11100 ,11150 ,10850 ,82.50K,-0.46%
2017-08-22,10650 ,10900 ,10900 ,10600 ,74.27K,-2.29%
2017-08-23,10500 ,10650 ,10700 ,10350 ,115.51K,-1.41%
2017-08-24,10600 ,10450 ,10600 ,10400 ,61.72K,0.95%
2017-08-25,10650 ,10500 ,10700 ,10450 ,65.10K,0.47%
2017-08-28,11050 ,10600 ,11050 ,10500 ,162.82K,3.76%
2017-08-29,10900 ,11050 ,11100 ,10750 ,111.74K,-1.36%
2017-08-30,10700 ,10900 ,11000 ,10650 ,93.28K,-1.83%
2017-08-31,10650 ,10750 ,10750 ,10450 ,131.48K,-0.47%
2017-09-01,11100 ,10650 ,11100 ,10550 ,236.77K,4.23%
2017-09-04,10650 ,10800 ,10950 ,10650 ,168.19K,-4.05%
2017-09-05,10700 ,10800 ,10850 ,10550 ,87.60K,0.47%
2017-09-06,10850 ,10600 ,10850 ,10600 ,94.56K,1.40%
2017-09-07,11500 ,10900 ,11600 ,10800 ,476.47K,5.99%
2017-09-08,11200 ,11400 ,11500 ,11100 ,158.59K,-2.61%
2017-09-10,11200 ,11200 ,11200 ,11200 ,0.20K,0.00%
2017-09-11,11250 ,11200 ,11500 ,11100 ,152.30K,0.45%
2017-09-12,11000 ,11250 ,11300 ,10900 ,130.09K,-2.22%
2017-09-13,10850 ,11000 ,11000 ,10650 ,138.72K,-1.36%
2017-09-14,10700 ,10750 ,10750 ,10550 ,160.01K,-1.38%
2017-09-15,10950 ,10600 ,11100 ,10550 ,166.46K,2.34%
2017-09-17,10950 ,10950 ,10950 ,10950 ,-,0.00%
2017-09-18,10850 ,10850 ,11100 ,10800 ,103.39K,-0.91%
2017-09-19,11100 ,10750 ,11250 ,10750 ,183.52K,2.30%
2017-09-20,11050 ,11200 ,11550 ,11000 ,343.35K,-0.45%
2017-09-21,10800 ,11000 ,11100 ,10750 ,142.25K,-2.26%
2017-09-22,10950 ,10800 ,10950 ,10600 ,110.18K,1.39%
2017-09-25,10600 ,10800 ,11050 ,10550 ,118.30K,-3.20%
2017-09-26,10700 ,10550 ,10750 ,10450 ,83.29K,0.94%
2017-09-27,10550 ,10600 ,10800 ,10500 ,89.98K,-1.40%
2017-09-28,10600 ,10600 ,10650 ,10450 ,94.58K,0.47%
2017-09-29,10850 ,10600 ,10950 ,10550 ,118.85K,2.36%
2017-10-09,10850 ,10850 ,10850 ,10850 ,0.31K,0.00%
2017-10-10,10850 ,10900 ,11050 ,10650 ,176.34K,0.00%
2017-10-11,11150 ,10900 ,11200 ,10900 ,160.91K,2.76%
2017-10-12,11000 ,11200 ,11250 ,10950 ,137.37K,-1.35%
2017-10-13,10650 ,11000 ,11150 ,10600 ,210.74K,-3.18%
2017-10-16,11350 ,11300 ,12500 ,11150 ,2.83M,6.57%
2017-10-17,11000 ,11350 ,11400 ,10900 ,431.09K,-3.08%
2017-10-18,10850 ,11050 ,11150 ,10750 ,289.41K,-1.36%
2017-10-19,11000 ,10900 ,11050 ,10750 ,218.68K,1.38%
2017-10-20,10900 ,11000 ,11100 ,10850 ,124.65K,-0.91%
2017-10-22,10900 ,10900 ,10900 ,10900 ,0.47K,0.00%
2017-10-23,11000 ,10900 ,11050 ,10850 ,136.99K,0.92%
2017-10-24,11150 ,10900 ,11150 ,10900 ,164.38K,1.36%
2017-10-25,11400 ,11200 ,11400 ,11100 ,239.50K,2.24%
2017-10-26,11600 ,11400 ,11750 ,11400 ,372.10K,1.75%
2017-10-27,11550 ,11650 ,11650 ,11300 ,250.12K,-0.43%
2017-10-29,11550 ,11550 ,11550 ,11550 ,0.69K,0.00%
2017-10-30,11550 ,11700 ,11750 ,11400 ,178.43K,0.00%
2017-10-31,12150 ,11650 ,12250 ,11650 ,729.03K,5.19%
2017-11-01,12300 ,12350 ,12400 ,11950 ,249.83K,1.23%
2017-11-02,11900 ,12500 ,12600 ,11800 ,401.81K,-3.25%
2017-11-03,12350 ,12000 ,12450 ,11700 ,493.02K,3.78%
2017-11-05,12350 ,12350 ,12350 ,12350 ,1.14K,0.00%
2017-11-06,12500 ,12350 ,12900 ,12100 ,499.56K,1.21%
2017-11-07,12600 ,12400 ,12750 ,12200 ,286.16K,0.80%
2017-11-08,12600 ,12650 ,12750 ,12350 ,241.12K,0.00%
2017-11-09,12450 ,12300 ,12450 ,11950 ,398.23K,-1.19%
2017-11-10,12250 ,12300 ,12650 ,12150 ,300.51K,-1.61%
2017-11-12,12250 ,12250 ,12250 ,12250 ,-,0.00%
2017-11-13,12750 ,12400 ,12900 ,12200 ,446.68K,4.08%
2017-11-14,13850 ,13000 ,14500 ,12750 ,1.98M,8.63%
2017-11-15,14700 ,13800 ,15150 ,13550 ,1.62M,6.14%
2017-11-16,16300 ,15200 ,16300 ,14500 ,1.75M,10.88%
2017-11-17,17900 ,16650 ,18350 ,16450 ,2.45M,9.82%
2017-11-19,17900 ,17900 ,17900 ,17900 ,7.52K,0.00%
2017-11-20,18600 ,17900 ,19200 ,17100 ,1.62M,3.91%
2017-11-21,18150 ,19100 ,19400 ,17650 ,1.61M,-2.42%
2017-11-22,16100 ,18300 ,18350 ,15950 ,2.37M,-11.29%
2017-11-23,16350 ,16100 ,16900 ,16000 ,953.68K,1.55%
2017-11-24,15450 ,16500 ,16900 ,15300 ,950.66K,-5.50%
2017-11-26,15450 ,15450 ,15450 ,15450 ,0.71K,0.00%
2017-11-27,15750 ,15350 ,15900 ,15200 ,848.60K,1.94%
2017-11-28,14950 ,15700 ,15900 ,14700 ,870.41K,-5.08%
2017-11-29,14900 ,14950 ,15200 ,14450 ,885.55K,-0.33%
2017-11-30,14550 ,15000 ,15250 ,14500 ,649.17K,-2.35%
2017-12-01,15400 ,14700 ,15500 ,14650 ,743.81K,5.84%
2017-12-03,15400 ,15400 ,15400 ,15400 ,0.27K,0.00%
2017-12-04,14350 ,15450 ,15450 ,14300 ,674.26K,-6.82%
2017-12-05,14250 ,14450 ,14800 ,14050 ,388.69K,-0.70%
2017-12-06,14300 ,14400 ,15150 ,14000 ,609.68K,0.35%
2017-12-07,13500 ,14200 ,14450 ,13200 ,518.03K,-5.59%
2017-12-08,13450 ,13550 ,13850 ,13200 ,296.65K,-0.37%
2017-12-10,13450 ,13450 ,13450 ,13450 ,-,0.00%
2017-12-11,14250 ,13650 ,14250 ,13350 ,314.50K,5.95%
2017-12-12,13800 ,14150 ,14400 ,13650 ,295.14K,-3.16%
2017-12-13,14100 ,13900 ,14400 ,13700 ,328.09K,2.17%
2017-12-14,13800 ,14150 ,14200 ,13600 ,379.54K,-2.13%
2017-12-15,13850 ,13800 ,14150 ,13500 ,270.03K,0.36%
2017-12-17,13850 ,13850 ,13850 ,13850 ,-,0.00%
2017-12-18,13550 ,13850 ,14200 ,13550 ,284.56K,-2.17%
2017-12-19,14150 ,13700 ,14150 ,13200 ,398.43K,4.43%
2017-12-20,14050 ,14050 ,14400 ,13750 ,294.28K,-0.71%
2017-12-21,14050 ,14000 ,14600 ,13900 ,394.69K,0.00%
2017-12-22,14650 ,14150 ,14700 ,13700 ,492.23K,4.27%
2017-12-25,14650 ,14650 ,14650 ,14650 ,-,0.00%
2017-12-26,14750 ,14750 ,15250 ,14500 ,529.23K,0.68%
2017-12-27,14700 ,15050 ,15050 ,14400 ,520.85K,-0.34%
2017-12-28,14250 ,14650 ,14650 ,14200 ,362.03K,-3.06%
2018-01-02,15350 ,14350 ,15400 ,14300 ,648.67K,7.72%
2018-01-03,15300 ,15500 ,15800 ,14950 ,729.11K,-0.33%
2018-01-04,14400 ,15400 ,15450 ,14300 ,524.70K,-5.88%
2018-01-05,14650 ,14300 ,14750 ,14250 ,508.48K,1.74%
2018-01-07,14650 ,14650 ,14650 ,14650 ,-,0.00%
2018-01-08,13850 ,14550 ,14550 ,13600 ,731.00K,-5.46%
2018-01-09,13050 ,13650 ,13750 ,12750 ,834.95K,-5.78%
2018-01-10,13300 ,12950 ,13450 ,12800 ,389.87K,1.92%
2018-01-11,13450 ,13400 ,13500 ,12850 ,530.23K,1.13%
2018-01-12,13650 ,13550 ,13750 ,13100 ,500.23K,1.49%
2018-01-14,13650 ,13650 ,13650 ,13650 ,-,0.00%
2018-01-15,13750 ,13600 ,13800 ,13300 ,333.39K,0.73%
2018-01-16,14700 ,13950 ,14800 ,13850 ,958.79K,6.91%
2018-01-17,15000 ,14650 ,15150 ,14600 ,602.96K,2.04%
2018-01-18,15100 ,15250 ,15250 ,14600 ,454.74K,0.67%
2018-01-19,15850 ,15300 ,16300 ,15250 ,1.18M,4.97%
2018-01-21,15850 ,15850 ,15850 ,15850 ,-,0.00%
2018-01-22,15750 ,16000 ,16350 ,15200 ,645.02K,-0.63%
2018-01-23,15950 ,16050 ,16200 ,15150 ,558.13K,1.27%
2018-01-24,15250 ,15950 ,15950 ,15100 ,554.76K,-4.39%
2018-01-25,15700 ,15100 ,15800 ,14650 ,786.59K,2.95%
2018-01-26,15800 ,15950 ,16350 ,15650 ,674.98K,0.64%
2018-01-28,15800 ,15800 ,15800 ,15800 ,-,0.00%
2018-01-29,15350 ,15850 ,15950 ,15100 ,503.05K,-2.85%
2018-01-30,14900 ,15100 ,15350 ,14650 ,539.73K,-2.93%
2018-01-31,14950 ,14600 ,15300 ,14550 ,353.29K,0.34%
2018-02-01,15200 ,15050 ,15500 ,14850 ,389.59K,1.67%
2018-02-02,15750 ,15300 ,15800 ,14900 ,661.61K,3.62%
2018-02-04,15750 ,15750 ,15750 ,15750 ,-,0.00%
2018-02-05,16400 ,15500 ,17350 ,15500 ,2.91M,4.13%
2018-02-06,15450 ,15650 ,16150 ,14600 ,1.56M,-5.79%
2018-02-07,15700 ,15600 ,16700 ,15000 ,1.99M,1.62%
2018-02-08,17300 ,16300 ,17300 ,16050 ,2.62M,10.19%
2018-02-09,17400 ,16650 ,18250 ,16550 ,2.27M,0.58%
2018-02-11,17400 ,17400 ,17400 ,17400 ,-,0.00%
2018-02-12,16600 ,17800 ,18000 ,16500 ,1.10M,-4.60%
2018-02-13,15500 ,16750 ,17000 ,15500 ,970.58K,-6.63%
2018-02-14,16200 ,15400 ,16200 ,15250 ,434.19K,4.52%
2018-02-18,16200 ,16200 ,16200 ,16200 ,-,0.00%
2018-02-19,16450 ,15950 ,16500 ,15900 ,349.29K,1.54%
2018-02-20,15550 ,16500 ,16500 ,15500 ,462.90K,-5.47%
2018-02-21,15700 ,15750 ,15950 ,15300 ,403.34K,0.96%
2018-02-22,15300 ,15650 ,15650 ,14900 ,484.45K,-2.55%
2018-02-23,15450 ,15350 ,15450 ,15100 ,235.24K,0.98%
2018-02-25,15450 ,15450 ,15450 ,15450 ,-,0.00%
2018-02-26,15350 ,15500 ,15750 ,15150 ,268.74K,-0.65%
2018-02-27,15000 ,15400 ,15500 ,14950 ,236.29K,-2.28%
2018-02-28,15100 ,14950 ,15400 ,14900 ,229.39K,0.67%
2018-03-02,14600 ,14900 ,14900 ,14300 ,328.49K,-3.31%
2018-03-04,14600 ,14600 ,14600 ,14600 ,-,0.00%
2018-03-05,14000 ,14600 ,14600 ,13950 ,332.93K,-4.11%
2018-03-06,14600 ,14200 ,14650 ,14200 ,227.26K,4.29%
2018-03-07,14300 ,14600 ,14850 ,14250 ,204.66K,-2.05%
2018-03-08,15950 ,14350 ,16100 ,14350 ,946.07K,11.54%
2018-03-09,16250 ,15800 ,16450 ,15700 ,538.10K,1.88%
2018-03-11,16250 ,16250 ,16250 ,16250 ,-,0.00%
2018-03-12,16600 ,16450 ,16800 ,16000 ,565.74K,2.15%
2018-03-13,16650 ,16600 ,16800 ,16200 ,344.63K,0.30%
2018-03-14,16250 ,16500 ,16650 ,15650 ,534.16K,-2.40%
2018-03-15,16100 ,16100 ,16600 ,15950 ,493.07K,-0.92%
2018-03-16,16250 ,16100 ,16900 ,16100 ,566.58K,0.93%
2018-03-18,16250 ,16250 ,16250 ,16250 ,-,0.00%
2018-03-19,15700 ,16050 ,16100 ,15700 ,344.48K,-3.38%
2018-03-20,17000 ,15500 ,17200 ,15450 ,841.34K,8.28%
2018-03-21,17100 ,17100 ,17600 ,16500 ,928.20K,0.59%
2018-03-22,16050 ,17200 ,17550 ,15750 ,804.86K,-6.14%
2018-03-23,14950 ,15100 ,15950 ,14950 ,749.88K,-6.85%
2018-03-26,15750 ,14700 ,15850 ,14550 ,397.24K,5.35%
2018-03-27,15900 ,16050 ,16150 ,15600 ,270.74K,0.95%
2018-03-28,15550 ,15500 ,15800 ,15200 ,220.12K,-2.20%
2018-03-29,15800 ,15750 ,15800 ,15400 ,191.98K,1.61%
2018-03-30,16150 ,16000 ,16250 ,15650 ,283.43K,2.22%
2018-04-01,16150 ,16150 ,16150 ,16150 ,-,0.00%
2018-04-02,17300 ,16250 ,17600 ,15950 ,1.34M,7.12%
2018-04-03,19000 ,17000 ,19000 ,16900 ,2.09M,9.83%
2018-04-04,18850 ,19350 ,19700 ,18050 ,1.46M,-0.79%
2018-04-05,18100 ,19050 ,19150 ,17850 ,789.32K,-3.98%
2018-04-06,18650 ,18000 ,18750 ,17550 ,641.93K,3.04%
2018-04-08,18650 ,18650 ,18650 ,18650 ,-,0.00%
2018-04-09,20450 ,18550 ,21250 ,18150 ,2.37M,9.65%
2018-04-10,20500 ,20550 ,21250 ,20300 ,1.12M,0.24%
2018-04-11,20700 ,20700 ,21550 ,20350 ,1.10M,0.98%
2018-04-12,19300 ,20700 ,20850 ,19050 ,1.05M,-6.76%
2018-04-13,21500 ,19050 ,21500 ,19000 ,1.19M,11.40%
2018-04-15,21500 ,21500 ,21500 ,21500 ,-,0.00%
2018-04-16,20450 ,22100 ,23100 ,20400 ,1.81M,-4.88%
2018-04-17,20500 ,20700 ,21200 ,20150 ,442.91K,0.24%
2018-04-18,19700 ,20500 ,20900 ,19300 ,762.46K,-3.90%
2018-04-19,19350 ,19700 ,19700 ,18550 ,649.86K,-1.78%
2018-04-20,19650 ,19150 ,19950 ,18750 ,430.66K,1.55%
2018-04-22,19650 ,19650 ,19650 ,19650 ,-,0.00%
2018-04-23,19050 ,19650 ,19900 ,18750 ,447.00K,-3.05%
2018-04-24,19050 ,19050 ,20000 ,18850 ,636.53K,0.00%
2018-04-25,18450 ,18750 ,19350 ,18200 ,401.52K,-3.15%
2018-04-26,19700 ,18750 ,19700 ,18550 ,452.97K,6.78%
2018-04-27,19300 ,19900 ,19950 ,18950 ,315.37K,-2.03%
2018-04-29,19300 ,19300 ,19300 ,19300 ,-,0.00%
2018-04-30,19200 ,19300 ,19300 ,18250 ,373.23K,-0.52%
2018-05-01,19200 ,19200 ,19200 ,19200 ,-,0.00%
2018-05-02,18650 ,18550 ,19300 ,18200 ,348.75K,-2.86%
2018-05-03,17550 ,18650 ,18750 ,17550 ,347.66K,-5.90%
2018-05-04,17400 ,17550 ,17900 ,17350 ,338.60K,-0.85%
2018-05-08,15750 ,17850 ,17900 ,15750 ,557.98K,-9.48%
2018-05-09,16750 ,15750 ,16750 ,15700 ,464.32K,6.35%
2018-05-10,16250 ,16500 ,16500 ,15800 ,352.73K,-2.99%
2018-05-11,16600 ,16200 ,16850 ,16200 ,209.59K,2.15%
2018-05-14,15200 ,16350 ,16500 ,15100 ,590.22K,-8.43%
2018-05-15,15350 ,15200 ,15600 ,14750 ,358.39K,0.99%
2018-05-16,15350 ,15100 ,15400 ,14750 ,318.20K,0.00%
2018-05-17,14750 ,15100 ,15250 ,14550 ,458.89K,-3.91%
2018-05-18,15150 ,14850 ,15200 ,14700 ,179.08K,2.71%
2018-05-21,14950 ,15100 ,15150 ,14850 ,140.64K,-1.32%
2018-05-23,14550 ,14950 ,14950 ,14400 ,168.92K,-2.68%
2018-05-24,14750 ,14400 ,14950 ,14400 ,139.89K,1.37%
2018-05-25,14700 ,14500 ,15000 ,14450 ,203.43K,-0.34%
2018-05-27,14700 ,14700 ,14700 ,14700 ,-,0.00%
2018-05-28,15200 ,14900 ,15550 ,14400 ,416.58K,3.40%
2018-05-29,14500 ,15200 ,15300 ,14500 ,232.37K,-4.61%
2018-05-30,14150 ,14450 ,14550 ,13650 ,418.80K,-2.41%
2018-05-31,14150 ,14150 ,14300 ,13900 ,180.70K,0.00%
2018-06-01,14550 ,14150 ,14700 ,14050 ,189.23K,2.83%
2018-06-03,14550 ,14550 ,14550 ,14550 ,-,0.00%
2018-06-04,13900 ,14500 ,14550 ,13900 ,231.59K,-4.47%
2018-06-05,14000 ,13800 ,14250 ,13800 ,167.87K,0.72%
2018-06-07,14250 ,13900 ,14300 ,13800 ,127.01K,1.79%
2018-06-08,14000 ,14250 ,14250 ,13950 ,105.29K,-1.75%
2018-06-10,14000 ,14000 ,14000 ,14000 ,-,0.00%
2018-06-11,13800 ,14000 ,14300 ,13750 ,101.41K,-1.43%
2018-06-12,13900 ,13750 ,14100 ,13700 ,159.15K,0.72%
2018-06-14,13450 ,14000 ,14000 ,13200 ,318.81K,-3.24%
2018-06-15,13350 ,13450 ,13700 ,13150 ,169.12K,-0.74%
2018-06-17,13350 ,13350 ,13350 ,13350 ,-,0.00%
2018-06-18,12600 ,13300 ,13450 ,12150 ,313.22K,-5.62%
2018-06-19,12200 ,12400 ,13000 ,12200 ,167.74K,-3.17%
2018-06-20,13100 ,12200 ,13100 ,12200 ,173.37K,7.38%
2018-06-21,12650 ,13100 ,13100 ,12650 ,102.89K,-3.44%
2018-06-22,13500 ,12650 ,13550 ,12500 ,184.51K,6.72%
2018-06-24,13500 ,13500 ,13500 ,13500 ,-,0.00%
2018-06-25,13550 ,13250 ,13700 ,13200 ,114.82K,0.37%
2018-06-26,13300 ,13550 ,13550 ,13000 ,124.09K,-1.85%
2018-06-27,12700 ,13150 ,13250 ,12700 ,175.42K,-4.51%
2018-06-28,12900 ,12600 ,13300 ,12550 ,173.18K,1.57%
2018-06-29,13000 ,13100 ,13150 ,12450 ,180.35K,0.78%
2018-07-02,12200 ,12950 ,13000 ,12200 ,153.50K,-6.15%
2018-07-03,12850 ,12300 ,12950 ,12300 ,150.67K,5.33%
2018-07-04,13250 ,12900 ,13250 ,12700 ,132.72K,3.11%
2018-07-05,13400 ,13400 ,13500 ,12850 ,155.19K,1.13%
2018-07-06,13600 ,13750 ,13800 ,12800 ,250.16K,1.49%
2018-07-08,13600 ,13600 ,13600 ,13600 ,-,0.00%
2018-07-09,14700 ,13650 ,15400 ,13550 ,1.19M,8.09%
2018-07-10,15000 ,14700 ,15150 ,14300 ,419.73K,2.04%
2018-07-11,14050 ,14700 ,14750 ,14050 ,244.85K,-6.33%
2018-07-12,14150 ,13950 ,14500 ,13900 ,221.96K,0.71%
2018-07-13,15200 ,14050 ,15500 ,13900 ,475.30K,7.42%
2018-07-15,15200 ,15200 ,15200 ,15200 ,-,0.00%
2018-07-16,15050 ,15400 ,15500 ,14650 ,255.44K,-0.99%
2018-07-17,14150 ,15300 ,15300 ,14050 ,306.05K,-5.98%
2018-07-18,14150 ,14250 ,14550 ,14050 ,192.09K,0.00%
2018-07-19,13650 ,14200 ,14250 ,13400 ,257.11K,-3.53%
2018-07-20,14100 ,13650 ,14200 ,13600 ,143.67K,3.30%
2018-07-23,13300 ,14200 ,14250 ,13250 ,163.71K,-5.67%
2018-07-24,13400 ,13150 ,13600 ,13100 ,186.54K,0.75%
2018-07-25,12650 ,13500 ,13650 ,12500 ,250.43K,-5.60%
2018-07-26,13200 ,12800 ,13250 ,12650 ,120.87K,4.35%
2018-07-27,13000 ,13450 ,13450 ,12900 ,131.20K,-1.52%
2018-07-29,13000 ,13000 ,13000 ,13000 ,-,0.00%
2018-07-30,13200 ,12900 ,13200 ,12800 ,139.56K,1.54%
2018-07-31,13500 ,13050 ,13800 ,13000 ,132.83K,2.27%
2018-08-01,13800 ,13350 ,13850 ,13350 ,132.38K,2.22%
2018-08-02,13100 ,13550 ,13600 ,13050 ,181.05K,-5.07%
2018-08-03,13350 ,13250 ,13350 ,13050 ,59.69K,1.91%
2018-08-06,13000 ,13350 ,13550 ,12950 ,112.01K,-2.62%
2018-08-07,13250 ,13000 ,13300 ,12850 ,57.15K,1.92%
2018-08-08,13250 ,13100 ,13600 ,13050 ,122.60K,0.00%
2018-08-09,13150 ,13250 ,13350 ,12900 ,82.94K,-0.75%
2018-08-10,13350 ,13100 ,13400 ,12850 ,129.11K,1.52%
2018-08-12,13350 ,13350 ,13350 ,13350 ,-,0.00%
2018-08-13,12750 ,13150 ,13200 ,12650 ,126.04K,-4.49%
2018-08-14,12500 ,12950 ,12950 ,12400 ,145.33K,-1.96%
2018-08-16,12700 ,12400 ,12800 ,12200 ,116.71K,1.60%
2018-08-17,13150 ,12800 ,13150 ,12650 ,97.31K,3.54%
2018-08-19,13150 ,13150 ,13150 ,13150 ,-,0.00%
2018-08-20,13000 ,13100 ,13350 ,13000 ,92.03K,-1.14%
2018-08-21,13700 ,13050 ,13850 ,13000 ,266.10K,5.38%
2018-08-22,13500 ,13700 ,13800 ,13450 ,87.95K,-1.46%
2018-08-23,13700 ,13500 ,13850 ,13350 ,125.43K,1.48%
2018-08-24,13950 ,14300 ,14500 ,13800 ,491.94K,1.82%
2018-08-26,13950 ,13950 ,13950 ,13950 ,-,0.00%
2018-08-27,14050 ,14200 ,14350 ,13800 ,253.07K,0.72%
2018-08-28,14250 ,14350 ,14700 ,14050 ,238.51K,1.42%
2018-08-29,14450 ,14400 ,14450 ,14000 ,146.79K,1.40%
2018-08-30,14050 ,14450 ,14550 ,13900 ,151.42K,-2.77%
2018-08-31,14750 ,14250 ,14950 ,14050 ,388.72K,4.98%
2018-09-02,14750 ,14750 ,14750 ,14750 ,-,0.00%
2018-09-03,14500 ,14850 ,14850 ,14450 ,178.21K,-1.69%
2018-09-04,14600 ,14400 ,14600 ,14200 ,157.89K,0.69%
2018-09-05,14050 ,14600 ,14700 ,13950 ,230.18K,-3.77%
2018-09-06,14050 ,14050 ,14350 ,13650 ,273.51K,0.00%
2018-09-07,14050 ,14050 ,14200 ,13700 ,134.12K,0.00%
2018-09-09,14050 ,14050 ,14050 ,14050 ,-,0.00%
2018-09-10,13850 ,14150 ,14250 ,13800 ,114.75K,-1.42%
2018-09-11,14600 ,13850 ,14600 ,13750 ,231.83K,5.42%
2018-09-12,14200 ,14600 ,14600 ,14050 ,199.77K,-2.74%
2018-09-13,14450 ,14350 ,14450 ,14050 ,187.27K,1.76%
2018-09-14,15150 ,14400 ,15800 ,14300 ,881.43K,4.84%
2018-09-16,15150 ,15150 ,15150 ,15150 ,-,0.00%
2018-09-17,14950 ,15300 ,15600 ,14600 ,441.23K,-1.32%
2018-09-18,15100 ,15050 ,15250 ,14750 ,330.10K,1.00%
2018-09-19,14500 ,15200 ,15250 ,14450 ,259.40K,-3.97%
2018-09-20,14400 ,14550 ,15050 ,14200 ,311.23K,-0.69%
2018-09-21,14300 ,14500 ,14700 ,14250 ,160.50K,-0.69%
2018-09-26,14300 ,14300 ,14300 ,14300 ,-,0.00%
2018-09-27,14700 ,14250 ,14750 ,14100 ,230.27K,2.80%
2018-09-28,14800 ,14700 ,15100 ,14550 ,326.33K,0.68%
2018-09-30,14800 ,14800 ,14800 ,14800 ,-,0.00%
2018-10-01,14150 ,14850 ,14850 ,14050 ,189.80K,-4.39%
2018-10-02,13350 ,14200 ,14350 ,13250 ,294.73K,-5.65%
2018-10-04,13550 ,13300 ,13750 ,13150 ,165.44K,1.50%
2018-10-05,13100 ,13650 ,13700 ,12950 ,156.61K,-3.32%
2018-10-07,13100 ,13100 ,13100 ,13100 ,-,0.00%
2018-10-08,13100 ,13050 ,13550 ,13000 ,98.93K,0.00%
2018-10-09,13100 ,13100 ,13100 ,13100 ,-,0.00%
2018-10-10,12950 ,13350 ,13500 ,12800 ,144.04K,-1.15%
2018-10-11,12600 ,12550 ,13200 ,12200 ,334.97K,-2.70%
2018-10-12,13100 ,12700 ,13150 ,12600 ,182.68K,3.97%
2018-10-15,12550 ,13300 ,13300 ,12350 ,148.32K,-4.20%
2018-10-16,13050 ,12500 ,13250 ,12500 ,110.35K,3.98%
2018-10-17,13250 ,13150 ,13300 ,12850 ,90.73K,1.53%
2018-10-18,12900 ,13300 ,13300 ,12800 ,77.68K,-2.64%
2018-10-19,13300 ,12700 ,13400 ,12600 ,116.52K,3.10%
2018-10-22,13500 ,13200 ,13700 ,13050 ,99.49K,1.50%
2018-10-23,13300 ,13400 ,13500 ,12900 ,100.36K,-1.48%
2018-10-24,12900 ,13350 ,13450 ,12900 ,152.06K,-3.01%
2018-10-25,13250 ,12650 ,13300 ,12500 ,197.18K,2.71%
2018-10-26,12750 ,13250 ,13400 ,12450 ,193.13K,-3.77%
2018-10-29,12650 ,12900 ,13250 ,12350 ,236.10K,-0.78%
2018-10-30,12700 ,12850 ,12850 ,12200 ,227.60K,0.40%
2018-10-31,12400 ,12850 ,12850 ,12300 ,177.63K,-2.36%
2018-11-01,12350 ,12400 ,12500 ,12100 ,245.91K,-0.40%
2018-11-02,12800 ,12600 ,12900 ,12400 ,491.82K,3.64%
2018-11-05,12400 ,12600 ,12700 ,12350 ,214.60K,-3.13%
2018-11-06,12450 ,12500 ,12600 ,12250 ,151.94K,0.40%
2018-11-07,12500 ,12450 ,12850 ,12350 ,220.99K,0.40%
2018-11-08,12550 ,12700 ,12700 ,12400 ,162.37K,0.40%
2018-11-09,12300 ,12500 ,12600 ,12150 ,153.90K,-1.99%
2018-11-12,11450 ,12250 ,12450 ,11350 ,289.96K,-6.91%
2018-11-13,11750 ,11500 ,12100 ,11300 ,269.27K,2.62%
2018-11-14,11950 ,11800 ,12100 ,11550 ,154.40K,1.70%
2018-11-15,11850 ,11800 ,11900 ,11550 ,115.50K,-0.84%
2018-11-16,12050 ,11900 ,12150 ,11700 ,147.10K,1.69%
2018-11-19,12150 ,12000 ,12150 ,11800 ,132.09K,0.83%
2018-11-20,11950 ,12000 ,12150 ,11850 ,127.01K,-1.65%
2018-11-21,12050 ,11900 ,12100 ,11600 ,111.75K,0.84%
2018-11-22,12200 ,12050 ,12200 ,11850 ,104.16K,1.24%
2018-11-23,12300 ,12200 ,12800 ,12050 ,221.89K,0.82%
2018-11-26,12400 ,12300 ,12600 ,12150 ,105.94K,0.81%
2018-11-27,12450 ,12400 ,12550 ,12250 ,85.73K,0.40%
2018-11-28,12450 ,12500 ,12550 ,12300 ,79.71K,0.00%
2018-11-29,12400 ,12650 ,12700 ,12250 ,99.76K,-0.40%
2018-11-30,12400 ,12450 ,12500 ,12000 ,154.22K,0.00%
2018-12-03,12800 ,12600 ,12950 ,12500 ,138.45K,3.23%
2018-12-04,12650 ,12950 ,12950 ,12500 ,111.71K,-1.17%
2018-12-05,12400 ,12350 ,12700 ,12250 ,70.96K,-1.98%
2018-12-06,12200 ,12400 ,12450 ,12100 ,112.97K,-1.61%
2018-12-07,12300 ,12150 ,12400 ,12100 ,78.85K,0.82%
2018-12-10,11450 ,12000 ,12100 ,11350 ,203.45K,-6.91%
2018-12-11,11550 ,11650 ,11750 ,11350 ,86.78K,0.87%
2018-12-12,11850 ,11500 ,11950 ,11500 ,81.54K,2.60%
2018-12-13,12400 ,11850 ,12400 ,11650 ,158.09K,4.64%
2018-12-14,11850 ,12400 ,12400 ,11800 ,160.36K,-4.44%
2018-12-17,11850 ,11850 ,11950 ,11500 ,113.02K,0.00%
2018-12-18,11700 ,11500 ,11900 ,11500 ,117.41K,-1.27%
2018-12-19,12200 ,11800 ,12400 ,11800 ,287.16K,4.27%
2018-12-20,11850 ,12200 ,12300 ,11800 ,142.46K,-2.87%
2018-12-21,11700 ,11750 ,12050 ,11550 ,104.26K,-1.27%
2018-12-24,11550 ,11700 ,11750 ,11450 ,118.76K,-1.28%
2018-12-26,11550 ,11450 ,11750 ,11400 ,175.95K,0.00%
2018-12-27,11800 ,11850 ,11950 ,11650 ,144.37K,2.16%
2018-12-28,12000 ,11900 ,12100 ,11700 ,143.43K,1.69%
2019-01-02,11600 ,12250 ,12250 ,11600 ,136.74K,-3.33%
2019-01-03,11450 ,11600 ,11800 ,11400 ,122.67K,-1.29%
2019-01-04,11450 ,11200 ,11450 ,10950 ,176.36K,0.00%
2019-01-07,11450 ,11650 ,11650 ,11300 ,121.23K,0.00%
2019-01-08,11100 ,11550 ,11550 ,11000 ,159.36K,-3.06%
2019-01-09,11450 ,11150 ,11550 ,11050 ,181.56K,3.15%
2019-01-10,11450 ,11400 ,11500 ,11150 ,109.69K,0.00%
2019-01-11,11400 ,11400 ,11500 ,11250 ,62.39K,-0.44%
2019-01-14,11250 ,11400 ,11400 ,11200 ,72.81K,-1.32%
2019-01-15,11350 ,11250 ,11500 ,11100 ,125.17K,0.89%
2019-01-16,11300 ,11350 ,11350 ,11150 ,92.84K,-0.44%
2019-01-17,11250 ,11300 ,11550 ,11200 ,122.71K,-0.44%
2019-01-18,11250 ,11350 ,11350 ,11100 ,148.70K,0.00%
2019-01-21,11200 ,11250 ,11300 ,11050 ,104.59K,-0.44%
2019-01-22,11600 ,11150 ,11600 ,11050 ,189.05K,3.57%
2019-01-23,11500 ,11500 ,11850 ,11400 ,136.86K,-0.86%
2019-01-24,11400 ,11500 ,11650 ,11350 ,129.52K,-0.87%
2019-01-25,12300 ,11450 ,12850 ,11400 ,734.67K,7.89%
2019-01-28,12400 ,12200 ,12650 ,12050 ,250.44K,0.81%
2019-01-29,12300 ,12200 ,12400 ,12100 ,116.90K,-0.81%
2019-01-30,12400 ,12250 ,12700 ,12250 ,196.89K,0.81%
2019-01-31,12500 ,12400 ,12800 ,12400 ,200.03K,0.81%
2019-02-01,12250 ,12450 ,12600 ,12100 ,144.52K,-2.00%
2019-02-07,12500 ,12200 ,12500 ,12150 ,147.95K,2.04%
2019-02-08,12500 ,12350 ,12550 ,12200 ,142.10K,0.00%
2019-02-11,12700 ,12500 ,12850 ,12350 ,180.36K,1.60%
2019-02-12,12500 ,12750 ,12800 ,12400 ,124.37K,-1.57%
2019-02-13,12550 ,12350 ,12600 ,12200 ,126.85K,0.40%
2019-02-14,13050 ,12500 ,13050 ,12450 ,259.53K,3.98%
2019-02-15,12700 ,13050 ,13050 ,12550 ,168.22K,-2.68%
2019-02-18,13000 ,12650 ,13200 ,12550 ,176.47K,2.36%
2019-02-19,13200 ,12900 ,13400 ,12850 ,177.22K,1.54%
2019-02-20,13800 ,13200 ,13900 ,13050 ,294.81K,4.55%
2019-02-21,13850 ,13800 ,14150 ,13650 ,221.48K,0.36%
2019-02-22,13800 ,13850 ,14050 ,13650 ,156.52K,-0.36%
2019-02-25,14900 ,13800 ,14950 ,13750 ,514.06K,7.97%
2019-02-26,14900 ,15000 ,15350 ,14550 ,319.93K,0.00%
2019-02-27,15200 ,14900 ,15250 ,14650 ,277.55K,2.01%
2019-02-28,14550 ,15200 ,15700 ,14150 ,504.00K,-4.28%
2019-03-04,15450 ,15050 ,15650 ,15000 ,368.28K,6.19%
2019-03-05,15150 ,15550 ,15600 ,14800 ,243.79K,-1.94%
2019-03-06,14550 ,15150 ,15150 ,14450 ,202.43K,-3.96%
2019-03-07,14300 ,14550 ,15000 ,14100 ,209.49K,-1.72%
2019-03-08,14250 ,14400 ,14400 ,14000 ,134.77K,-0.35%
2019-03-11,14950 ,14300 ,15000 ,13850 ,224.35K,4.91%
2019-03-12,14750 ,15000 ,15100 ,14500 ,211.41K,-1.34%
2019-03-13,14850 ,14900 ,15250 ,14650 ,210.85K,0.68%
2019-03-14,14750 ,15100 ,15250 ,14750 ,250.56K,-0.67%
2019-03-15,14550 ,14700 ,14800 ,14150 ,212.04K,-1.36%
2019-03-18,14300 ,14550 ,14550 ,14100 ,127.88K,-1.72%
2019-03-19,13800 ,14200 ,14450 ,13750 ,272.47K,-3.50%
2019-03-20,14100 ,13850 ,14100 ,13400 ,183.70K,2.17%
2019-03-21,13700 ,14000 ,14000 ,13600 ,132.17K,-2.84%
2019-03-22,13700 ,13950 ,13950 ,13400 ,142.79K,0.00%
2019-03-25,13150 ,13400 ,13700 ,13100 ,109.91K,-4.01%
2019-03-26,13750 ,13200 ,13900 ,13200 ,139.11K,4.56%
2019-03-27,14950 ,13800 ,15050 ,13550 ,737.85K,8.73%
2019-03-28,15150 ,14800 ,15650 ,14600 ,456.11K,1.34%
2019-03-29,15400 ,15150 ,15500 ,14900 ,210.19K,1.65%
2019-04-01,15600 ,15350 ,16000 ,14900 ,297.85K,1.30%
2019-04-02,15500 ,15700 ,16000 ,15400 ,210.70K,-0.64%
2019-04-03,15350 ,15350 ,15650 ,15300 ,117.68K,-0.97%
2019-04-04,15500 ,15650 ,15700 ,15250 ,141.06K,0.98%
2019-04-05,16150 ,15500 ,17950 ,15300 ,1.63M,4.19%
2019-04-08,15050 ,16300 ,16450 ,15000 ,619.32K,-6.81%
2019-04-09,15000 ,14950 ,15350 ,14800 ,272.83K,-0.33%
2019-04-10,14900 ,15000 ,15000 ,14450 ,183.29K,-0.67%
2019-04-11,15300 ,15100 ,15500 ,14900 ,237.94K,2.68%
2019-04-12,15400 ,15300 ,15850 ,15050 ,251.77K,0.65%
2019-04-15,15600 ,15450 ,16100 ,15400 ,228.57K,1.30%
2019-04-16,15300 ,15600 ,15750 ,15150 ,156.72K,-1.92%
2019-04-17,15050 ,15200 ,15400 ,14800 ,175.22K,-1.63%
2019-04-18,16150 ,15250 ,17000 ,14950 ,1.03M,7.31%
2019-04-19,17900 ,16400 ,18100 ,16300 ,1.49M,10.84%
2019-04-22,18400 ,17800 ,18750 ,17450 ,621.55K,2.79%
2019-04-23,18000 ,18450 ,18500 ,17800 ,324.65K,-2.17%
2019-04-24,18700 ,18200 ,19300 ,17950 ,658.76K,3.89%
2019-04-25,17200 ,19000 ,19400 ,17100 ,800.94K,-8.02%
2019-04-26,16900 ,17000 ,17550 ,16750 ,349.09K,-1.74%
2019-04-29,18250 ,17200 ,18300 ,17150 ,447.18K,7.99%
2019-04-30,18500 ,18250 ,18700 ,17950 ,373.21K,1.37%
2019-05-02,18550 ,18600 ,19050 ,18000 ,463.38K,0.27%
2019-05-03,18600 ,18550 ,19200 ,18450 ,342.70K,0.27%
2019-05-07,17600 ,19000 ,19150 ,17200 ,846.00K,-5.38%
2019-05-08,17800 ,17350 ,18200 ,17300 ,293.01K,1.14%
2019-05-09,16900 ,18000 ,18000 ,16550 ,409.77K,-5.06%
2019-05-10,17150 ,16900 ,17200 ,16400 ,228.20K,1.48%
2019-05-13,16650 ,17150 ,17250 ,16250 ,178.20K,-2.92%
2019-05-14,16600 ,16200 ,17000 ,16200 ,194.68K,-0.30%
2019-05-15,16800 ,17000 ,17000 ,16450 ,179.96K,1.20%
2019-05-16,15900 ,16500 ,16650 ,15900 ,217.88K,-5.36%
2019-05-17,15900 ,16000 ,16700 ,15800 ,184.55K,0.00%
2019-05-20,16000 ,15750 ,16450 ,15500 ,309.67K,0.63%
2019-05-21,16700 ,16050 ,16950 ,16000 ,290.26K,4.38%
2019-05-22,16600 ,16700 ,16850 ,16000 ,189.89K,-0.60%
2019-05-23,16400 ,17000 ,17000 ,16250 ,153.66K,-1.20%
2019-05-24,16200 ,16300 ,16750 ,15800 ,141.97K,-1.22%
2019-05-27,15750 ,15850 ,16250 ,15550 ,153.93K,-2.78%
2019-05-28,16200 ,15750 ,16400 ,15450 ,247.05K,2.86%
2019-05-29,15700 ,16200 ,16200 ,15550 ,116.83K,-3.09%
2019-05-30,15300 ,15800 ,16100 ,15000 ,218.27K,-2.55%
2019-05-31,16200 ,15150 ,16300 ,15150 ,165.47K,5.88%
2019-06-03,16350 ,16150 ,16450 ,15750 ,103.01K,0.93%
2019-06-04,16300 ,16350 ,16700 ,16150 ,101.44K,-0.31%
2019-06-05,14650 ,16600 ,16650 ,14400 ,641.20K,-10.12%
2019-06-07,15100 ,15100 ,15300 ,14700 ,177.56K,3.07%
2019-06-10,16300 ,16150 ,16550 ,15250 ,620.79K,7.95%
2019-06-11,17050 ,16350 ,17200 ,15900 ,333.52K,4.60%
2019-06-12,16800 ,17000 ,17400 ,16700 ,167.01K,-1.47%
2019-06-13,16350 ,16800 ,17000 ,16150 ,327.94K,-2.68%
2019-06-14,16050 ,16350 ,16600 ,16000 ,132.83K,-1.83%
2019-06-17,15650 ,16050 ,16100 ,15450 ,137.74K,-2.49%
2019-06-18,15700 ,15650 ,16100 ,15450 ,149.00K,0.32%
2019-06-19,15400 ,15900 ,16300 ,15200 ,137.58K,-1.91%
2019-06-20,15850 ,15400 ,16000 ,15300 ,128.90K,2.92%
2019-06-21,15800 ,15700 ,15900 ,15450 ,119.14K,-0.32%
2019-06-23,15800 ,15800 ,15800 ,15800 ,-,0.00%
2019-06-24,15850 ,15800 ,16100 ,15600 ,122.92K,0.32%
2019-06-25,15500 ,15900 ,15950 ,15400 ,87.33K,-2.21%
2019-06-26,15500 ,15500 ,15650 ,15200 ,101.64K,0.00%
2019-06-27,15050 ,15700 ,15750 ,14750 ,167.26K,-2.90%
2019-06-28,14050 ,15050 ,15100 ,13600 ,421.56K,-6.64%
2019-07-01,15150 ,14200 ,15250 ,14200 ,238.10K,7.83%
2019-07-02,15050 ,15150 ,15200 ,14700 ,125.02K,-0.66%
2019-07-03,15150 ,14800 ,15200 ,14650 ,108.77K,0.66%
2019-07-04,14950 ,14850 ,15050 ,14500 ,157.18K,-1.32%
2019-07-05,15250 ,15200 ,15300 ,14800 ,106.04K,2.01%
2019-07-08,14450 ,15200 ,15250 ,14350 ,218.62K,-5.25%
2019-07-09,14250 ,14600 ,14800 ,14250 ,125.13K,-1.38%
2019-07-10,14200 ,14400 ,14650 ,14150 ,99.26K,-0.35%
2019-07-11,14600 ,14400 ,14600 ,14100 ,83.04K,2.82%
2019-07-12,14550 ,14400 ,14800 ,14250 ,95.70K,-0.34%
2019-07-15,14200 ,14550 ,14550 ,14100 ,93.60K,-2.41%
2019-07-16,13950 ,14150 ,14400 ,13750 ,154.70K,-1.76%
2019-07-17,13250 ,13950 ,13950 ,12950 ,363.85K,-5.02%
2019-07-18,13450 ,13200 ,13500 ,12850 ,109.24K,1.51%
2019-07-19,13850 ,13550 ,13900 ,13350 ,79.75K,2.97%
2019-07-22,13700 ,13700 ,13900 ,13550 ,57.41K,-1.08%
2019-07-23,13550 ,13700 ,14100 ,13450 ,103.08K,-1.09%
2019-07-24,13250 ,13600 ,13900 ,13100 ,131.81K,-2.21%
2019-07-25,13250 ,13450 ,13550 ,13000 ,87.57K,0.00%
2019-07-26,12600 ,12950 ,12950 ,10200 ,1.34M,-4.91%
2019-07-29,12100 ,12650 ,12750 ,12050 ,171.62K,-3.97%
2019-07-30,12050 ,12200 ,12350 ,11800 ,129.18K,-0.41%
2019-07-31,12150 ,12050 ,12300 ,11450 ,206.76K,0.83%
2019-08-01,11750 ,12300 ,12300 ,11450 ,162.65K,-3.29%
2019-08-02,11400 ,11250 ,11700 ,11100 ,136.35K,-2.98%
2019-08-04,11400 ,11400 ,11400 ,11400 ,-,0.00%
2019-08-05,10700 ,11200 ,11350 ,10000 ,424.92K,-6.14%
2019-08-06,10500 ,10000 ,10750 ,9960 ,356.61K,-1.87%
2019-08-07,10650 ,10500 ,10700 ,10050 ,200.92K,1.43%
2019-08-08,11000 ,10700 ,11100 ,10550 ,175.59K,3.29%
2019-08-09,10950 ,10950 ,11250 ,10600 ,134.12K,-0.45%
2019-08-11,10950 ,10950 ,10950 ,10950 ,-,0.00%
2019-08-12,10800 ,10750 ,11000 ,10600 ,116.98K,-1.37%
2019-08-13,10800 ,10550 ,10800 ,10400 ,164.99K,0.00%
2019-08-14,10700 ,10850 ,10900 ,10600 ,103.26K,-0.93%
2019-08-16,10500 ,10550 ,10650 ,10250 ,108.59K,-1.87%
2019-08-19,10700 ,10500 ,10700 ,10450 ,65.19K,1.90%
2019-08-20,11000 ,10750 ,11250 ,10300 ,144.69K,2.80%
2019-08-21,11650 ,10800 ,11700 ,10750 ,203.34K,5.91%
2019-08-22,11600 ,11800 ,12300 ,11550 ,228.96K,-0.43%
2019-08-23,11300 ,11450 ,11650 ,11050 ,115.27K,-2.59%
2019-08-26,10650 ,10700 ,12150 ,10600 ,462.70K,-5.75%
2019-08-27,10950 ,10950 ,11150 ,10700 ,136.63K,2.82%
2019-08-28,11700 ,11000 ,11750 ,10650 ,169.94K,6.85%
2019-08-29,11300 ,11700 ,12000 ,11000 ,196.56K,-3.42%
2019-08-30,11900 ,11600 ,11900 ,11300 ,184.01K,5.31%
2019-09-01,11900 ,11900 ,11900 ,11900 ,-,0.00%
2019-09-02,12200 ,11900 ,12200 ,11600 ,113.84K,2.52%
2019-09-03,11900 ,11950 ,12050 ,11750 ,122.09K,-2.46%
2019-09-04,12000 ,11750 ,12100 ,11700 ,80.07K,0.84%
2019-09-05,12100 ,12000 ,12200 ,11800 ,113.98K,0.83%
2019-09-06,12000 ,12250 ,12250 ,11900 ,53.48K,-0.83%
2019-09-09,12000 ,12100 ,12150 ,11800 ,55.87K,0.00%
2019-09-10,11850 ,12000 ,12000 ,11550 ,83.56K,-1.25%
2019-09-11,11800 ,11800 ,12100 ,11800 ,135.47K,-0.42%
2019-09-16,11950 ,11850 ,12000 ,11800 ,104.20K,1.27%
2019-09-17,12200 ,11900 ,12600 ,11800 ,230.68K,2.09%
2019-09-18,11950 ,12500 ,12500 ,11950 ,76.23K,-2.05%
2019-09-19,12000 ,12050 ,12200 ,11900 ,66.12K,0.42%
2019-09-20,12000 ,12000 ,12100 ,11900 ,40.14K,0.00%
2019-09-23,11700 ,12000 ,12000 ,11700 ,75.46K,-2.50%
2019-09-24,11750 ,11450 ,11850 ,11300 ,100.82K,0.43%
2019-09-25,11350 ,11750 ,11750 ,11250 ,76.04K,-3.40%
2019-09-26,11750 ,11350 ,11750 ,11250 ,91.09K,3.52%
2019-09-27,11900 ,11700 ,11900 ,11550 ,57.35K,1.28%
2019-09-30,11750 ,11700 ,11950 ,11600 ,51.54K,-1.26%
2019-10-01,11950 ,11700 ,12050 ,11650 ,105.40K,1.70%
2019-10-02,11450 ,11900 ,11900 ,11450 ,77.40K,-4.18%
2019-10-04,11700 ,11400 ,11900 ,11250 ,111.24K,2.18%
2019-10-07,12350 ,11800 ,12900 ,11750 ,365.15K,5.56%
2019-10-08,12000 ,12150 ,12150 ,11700 ,182.56K,-2.83%
2019-10-10,11650 ,11850 ,11950 ,11500 ,114.50K,-2.92%
2019-10-11,12000 ,11650 ,12100 ,11550 ,95.04K,3.00%
2019-10-14,13050 ,12000 ,13150 ,11850 ,416.44K,8.75%
2019-10-15,15100 ,13200 ,16000 ,12950 ,1.77M,15.71%
2019-10-16,16000 ,15300 ,16050 ,14850 ,730.52K,5.96%
2019-10-17,16050 ,16300 ,16750 ,15850 ,493.33K,0.31%
2019-10-18,16850 ,16200 ,17200 ,15750 ,627.99K,4.98%
2019-10-20,16850 ,16850 ,16850 ,16850 ,-,0.00%
2019-10-21,17300 ,17000 ,17600 ,16900 ,464.09K,2.67%
2019-10-22,17250 ,17150 ,17600 ,16600 ,559.93K,-0.29%
2019-10-23,18400 ,18450 ,21900 ,17300 ,2.32M,6.67%
2019-10-24,18800 ,18150 ,19100 ,17050 ,725.42K,2.17%
2019-10-25,18900 ,18450 ,19600 ,18000 ,642.41K,0.53%
2019-10-27,18900 ,18900 ,18900 ,18900 ,-,0.00%
2019-10-28,20550 ,19300 ,20800 ,18900 ,972.37K,8.73%
2019-10-29,20500 ,20300 ,21100 ,20100 ,456.19K,-0.24%
2019-10-30,22500 ,20350 ,22650 ,20150 ,1.37M,9.76%
2019-10-31,26050 ,23050 ,28100 ,22650 ,4.47M,15.78%
2019-11-01,26450 ,26050 ,26450 ,25550 ,345.67K,1.54%
2019-11-03,26450 ,26450 ,26450 ,26450 ,-,0.00%
2019-11-04,27700 ,26100 ,28500 ,26100 ,448.50K,4.73%
2019-11-05,29550 ,28400 ,29800 ,28400 ,542.84K,6.68%
2019-11-06,26200 ,28700 ,28750 ,25600 ,1.13M,-11.34%
2019-11-07,26900 ,26500 ,27650 ,26000 ,606.75K,2.67%
2019-11-08,25900 ,26450 ,28300 ,25900 ,646.90K,-3.72%
2019-11-10,25900 ,25900 ,25900 ,25900 ,-,0.00%
2019-11-11,23900 ,25750 ,25750 ,23300 ,879.79K,-7.72%
2019-11-12,24450 ,23850 ,24850 ,23500 ,480.50K,2.30%
2019-11-13,24000 ,23850 ,24300 ,22600 ,744.30K,-1.84%
2019-11-14,25300 ,24300 ,26050 ,24100 ,593.68K,5.42%
2019-11-15,27550 ,25600 ,27550 ,24650 ,590.91K,8.89%
2019-11-17,27550 ,27550 ,27550 ,27550 ,-,0.00%
2019-11-18,27550 ,26950 ,28450 ,26650 ,484.19K,0.00%
2019-11-19,27850 ,27900 ,29200 ,27400 ,766.08K,1.09%
2019-11-20,26600 ,27400 ,29000 ,26250 ,718.96K,-4.49%
2019-11-21,26700 ,26800 ,27300 ,25650 ,455.94K,0.38%
2019-11-22,26500 ,26900 ,27100 ,25300 ,465.03K,-0.75%
2019-11-25,26550 ,27000 ,27650 ,25850 ,431.84K,0.19%
2019-11-26,24850 ,26600 ,26700 ,24500 ,735.68K,-6.40%
2019-11-27,24900 ,25100 ,25700 ,23750 ,640.38K,0.20%
2019-11-28,26250 ,25000 ,26500 ,24350 ,840.15K,5.42%
2019-11-29,25400 ,26250 ,26550 ,25100 ,548.57K,-3.24%
2019-12-01,25400 ,25400 ,25400 ,25400 ,-,0.00%
2019-12-02,25850 ,25250 ,26200 ,23500 ,645.92K,1.77%
2019-12-03,23900 ,25800 ,26850 ,23650 ,1.16M,-7.54%
2019-12-04,25000 ,24500 ,26000 ,23900 ,1.17M,4.60%
2019-12-05,31550 ,25800 ,32000 ,18250 ,18.16M,26.20%
2019-12-06,41000 ,32800 ,41000 ,32000 ,15.53M,29.95%
2019-12-08,41000 ,41000 ,41000 ,41000 ,-,0.00%
2019-12-09,38350 ,43300 ,43500 ,36500 ,13.02M,-6.46%
2019-12-10,33200 ,37000 ,37100 ,32500 ,7.32M,-13.43%
2019-12-11,33350 ,33000 ,34250 ,30650 ,6.16M,0.45%
2019-12-12,33000 ,32800 ,33750 ,31050 ,3.68M,-1.05%
2019-12-13,32550 ,32700 ,33850 ,31950 ,3.26M,-1.36%
2019-12-15,32550 ,32550 ,32550 ,32550 ,-,0.00%
2019-12-16,33550 ,32600 ,33550 ,31600 ,2.56M,3.07%
2019-12-17,34500 ,33050 ,34550 ,32800 ,3.12M,2.83%
2019-12-18,33200 ,34600 ,36350 ,32950 ,3.10M,-3.77%
2019-12-19,32750 ,33450 ,33650 ,32300 ,1.59M,-1.36%
2019-12-20,33600 ,32900 ,34000 ,32600 ,1.81M,2.60%
2019-12-23,32300 ,34100 ,34500 ,32250 ,2.45M,-3.87%
2019-12-24,32450 ,32350 ,33100 ,31700 ,2.24M,0.46%
2019-12-25,32450 ,32450 ,32450 ,32450 ,-,0.00%
2019-12-26,35400 ,32750 ,35850 ,32400 ,5.92M,9.09%
2019-12-27,36050 ,37200 ,37800 ,35150 ,3.59M,1.84%
2019-12-29,36050 ,36050 ,36050 ,36050 ,-,0.00%
2019-12-30,38550 ,35900 ,39300 ,35700 ,3.71M,6.93%
2020-01-02,40450 ,39300 ,41000 ,39150 ,2.87M,4.93%
2020-01-03,39200 ,39800 ,40800 ,39150 ,1.89M,-3.09%
2020-01-05,39200 ,39200 ,39200 ,39200 ,-,0.00%
2020-01-06,37900 ,37550 ,38600 ,36900 ,1.76M,-3.32%
2020-01-07,37500 ,38600 ,38600 ,36800 ,1.51M,-1.06%
2020-01-08,34950 ,36800 ,37650 ,34750 ,2.39M,-6.80%
2020-01-09,40250 ,36250 ,40250 ,36050 ,2.63M,15.16%
2020-01-10,40950 ,40000 ,43550 ,39450 ,3.88M,1.74%
2020-01-12,40950 ,40950 ,40950 ,40950 ,-,0.00%
2020-01-13,38800 ,41450 ,41900 ,38700 ,1.69M,-5.25%
2020-01-14,38750 ,38150 ,39750 ,37150 ,1.69M,-0.13%
2020-01-15,37400 ,38200 ,38750 ,37050 ,902.46K,-3.48%
2020-01-16,37250 ,37050 ,38550 ,36950 ,798.06K,-0.40%
2020-01-17,39350 ,37950 ,39700 ,37900 ,1.62M,5.64%
2020-01-19,39350 ,39350 ,39350 ,39350 ,-,0.00%
2020-01-20,38350 ,39350 ,40000 ,38200 ,909.79K,-2.54%
2020-01-21,36350 ,38200 ,38400 ,35800 ,1.06M,-5.22%
2020-01-22,36900 ,36100 ,37850 ,36000 ,699.56K,1.51%
2020-01-23,35300 ,36700 ,36800 ,34950 ,1.06M,-4.34%
2020-01-27,35300 ,35300 ,35300 ,35300 ,-,0.00%
2020-01-28,34000 ,33500 ,34800 ,32900 ,1.32M,-3.68%
2020-01-29,34300 ,34400 ,34700 ,33700 ,606.93K,0.88%
2020-01-30,33000 ,34000 ,34150 ,32400 ,778.18K,-3.79%
2020-01-31,32150 ,32850 ,33550 ,31750 ,708.29K,-2.58%
2020-02-02,32150 ,32150 ,32150 ,32150 ,-,0.00%
2020-02-03,33500 ,31650 ,34250 ,30550 ,981.68K,4.20%
2020-02-04,33900 ,33500 ,34650 ,33150 ,608.67K,1.19%
2020-02-05,32850 ,34150 ,34550 ,32700 ,606.80K,-3.10%
2020-02-06,33700 ,33750 ,35500 ,33150 ,1.25M,2.59%
2020-02-07,33800 ,33600 ,35350 ,33100 ,806.55K,0.30%
2020-02-09,33800 ,33800 ,33800 ,33800 ,-,0.00%
2020-02-10,34200 ,33550 ,34300 ,32900 ,587.97K,1.18%
2020-02-11,33900 ,34650 ,35250 ,33650 ,730.57K,-0.88%
2020-02-12,36150 ,34050 ,36650 ,33850 ,1.56M,6.64%
2020-02-13,34400 ,36000 ,36450 ,34100 ,1.23M,-4.84%
2020-02-14,34600 ,34050 ,35250 ,34050 ,602.85K,0.58%
2020-02-17,30050 ,34200 ,34900 ,27600 ,3.88M,-13.15%
2020-02-18,29800 ,30550 ,31750 ,29200 ,1.61M,-0.83%
2020-02-19,29000 ,29550 ,29850 ,27500 ,1.85M,-2.68%
2020-02-20,29800 ,28800 ,30000 ,28450 ,848.49K,2.76%
2020-02-21,29900 ,29050 ,31450 ,29050 ,964.04K,0.34%
2020-02-23,29900 ,29900 ,29900 ,29900 ,-,0.00%
2020-02-24,28250 ,29300 ,29750 ,28000 ,707.20K,-5.52%
2020-02-25,30000 ,27950 ,30000 ,27800 ,724.10K,6.19%
2020-02-26,30000 ,29200 ,30200 ,28700 ,564.91K,0.00%
2020-02-27,29000 ,29850 ,31200 ,28700 ,810.21K,-3.33%
2020-02-28,27500 ,28150 ,28650 ,27200 ,813.53K,-5.17%
2020-03-01,27500 ,27500 ,27500 ,27500 ,-,0.00%
2020-03-02,29500 ,27600 ,29550 ,27300 ,715.55K,7.27%
2020-03-03,29350 ,30250 ,31000 ,29200 ,682.81K,-0.51%
2020-03-04,30000 ,29150 ,30700 ,29100 ,536.75K,2.21%
2020-03-05,30750 ,30600 ,31900 ,30050 ,784.70K,2.50%
2020-03-06,29550 ,30200 ,30600 ,29000 ,698.29K,-3.90%
2020-03-08,29550 ,29550 ,29550 ,29550 ,-,0.00%
2020-03-09,28000 ,29150 ,29400 ,27400 ,792.90K,-5.25%
2020-03-10,28800 ,27500 ,28800 ,27150 ,714.98K,2.86%
2020-03-11,26600 ,30150 ,31000 ,26200 ,2.16M,-7.64%
2020-03-12,27300 ,26850 ,27500 ,25800 ,1.38M,2.63%
2020-03-13,24850 ,25400 ,25950 ,21250 ,1.80M,-8.97%
2020-03-15,24850 ,24850 ,24850 ,24850 ,-,0.00%
2020-03-16,22750 ,25300 ,25900 ,22750 ,1.10M,-8.45%
2020-03-17,23950 ,20500 ,24200 ,20500 ,1.21M,5.27%
2020-03-18,22600 ,24500 ,24800 ,22500 ,4.99K,-5.64%
2020-03-19,19500 ,23600 ,23700 ,18700 ,1.30M,-13.72%
2020-03-20,20800 ,19900 ,21800 ,17250 ,2.55M,6.67%
2020-03-22,20800 ,20800 ,20800 ,20800 ,-,0.00%
2020-03-23,18650 ,19000 ,20450 ,18350 ,3.27K,-10.34%
2020-03-24,18000 ,18850 ,19550 ,17150 ,0.09K,-3.49%
2020-03-25,21750 ,20700 ,22600 ,19100 ,2.86K,20.83%
2020-03-26,24450 ,21900 ,27350 ,20600 ,2.86M,12.41%
2020-03-27,23550 ,26200 ,27600 ,23250 ,3.11M,-3.68%
2020-03-30,24700 ,22400 ,26900 ,21650 ,4.43M,4.88%
2020-03-31,23650 ,25700 ,25700 ,23100 ,1.93M,-4.25%
2020-04-01,23350 ,23500 ,24700 ,23100 ,1.66M,-1.27%
2020-04-02,24700 ,23450 ,24700 ,22350 ,1.16M,5.78%
2020-04-03,25500 ,25250 ,27100 ,23900 ,3.24M,3.24%
2020-04-05,25500 ,25500 ,25500 ,25500 ,-,0.00%
2020-04-06,25600 ,27000 ,28150 ,25250 ,3.26M,0.39%
2020-04-07,24000 ,25900 ,26050 ,23650 ,1.48M,-6.25%
2020-04-08,23200 ,24000 ,24100 ,23150 ,934.97K,-3.33%
2020-04-09,24050 ,23450 ,24750 ,23050 ,1.12M,3.66%
2020-04-10,24350 ,24100 ,24700 ,22600 ,740.61K,1.25%
2020-04-12,24350 ,24350 ,24350 ,24350 ,-,0.00%
2020-04-13,23700 ,24550 ,24700 ,23600 ,473.79K,-2.67%
2020-04-14,25700 ,23700 ,25700 ,23300 ,1.65M,8.44%
2020-04-15,25700 ,25700 ,25700 ,25700 ,-,0.00%
2020-04-16,26800 ,25600 ,26800 ,25050 ,1.20M,4.28%
2020-04-17,26950 ,27150 ,27200 ,25450 ,1.13M,0.56%
2020-04-19,26950 ,26950 ,26950 ,26950 ,-,0.00%
2020-04-20,25000 ,27050 ,27100 ,24600 ,1.81M,-7.24%
2020-04-21,23550 ,24400 ,24700 ,22600 ,1.50M,-5.80%
2020-04-22,23400 ,22750 ,23400 ,22100 ,779.21K,-0.64%
2020-04-23,23400 ,23650 ,23950 ,23100 ,481.15K,0.00%
2020-04-24,22950 ,23000 ,23900 ,22700 ,544.83K,-1.92%
2020-04-26,22950 ,22950 ,22950 ,22950 ,-,0.00%
2020-04-27,22550 ,23100 ,23150 ,22100 ,735.30K,-1.74%
2020-04-28,21950 ,22750 ,22850 ,21850 ,544.93K,-2.66%
2020-04-29,22250 ,22000 ,22700 ,21700 ,511.20K,1.37%
2020-05-03,22250 ,22250 ,22250 ,22250 ,-,0.00%
2020-05-04,22850 ,21800 ,23150 ,21800 ,406.92K,2.70%
2020-05-06,24100 ,23500 ,24600 ,23250 ,1.32M,5.47%
2020-05-07,24100 ,24100 ,24550 ,23750 ,438.86K,0.00%
2020-05-08,24650 ,24400 ,25300 ,24200 ,776.00K,2.28%
2020-05-11,26150 ,25100 ,26500 ,24700 ,1.32M,6.09%
2020-05-12,25100 ,26550 ,27050 ,24500 ,1.28M,-4.02%
2020-05-13,24000 ,24150 ,24650 ,23850 ,0.21K,-4.38%
2020-05-14,23800 ,23900 ,24450 ,23500 ,0.98K,-0.83%
2020-05-15,24400 ,23900 ,24750 ,23450 ,595.57K,2.52%
2020-05-17,24400 ,24400 ,24400 ,24400 ,-,0.00%
2020-05-18,23550 ,24450 ,24500 ,23350 ,501.43K,-3.48%
2020-05-19,25300 ,23700 ,27200 ,23100 ,4.70M,7.43%
2020-05-20,25200 ,24950 ,25350 ,24500 ,0.00K,-0.40%
2020-05-21,25250 ,25250 ,25500 ,24700 ,584.70K,0.20%
2020-05-22,24700 ,25250 ,25500 ,24650 ,574.10K,-2.18%
2020-05-24,24700 ,24700 ,24700 ,24700 ,-,0.00%
2020-05-25,24000 ,24600 ,24650 ,23950 ,0.36K,-2.83%
2020-05-26,24250 ,24100 ,24350 ,23550 ,0.05K,1.04%
2020-05-27,23650 ,24150 ,24150 ,23600 ,0.05K,-2.47%
2020-05-28,22600 ,23650 ,23950 ,22200 ,0.05K,-4.44%
2020-05-29,22700 ,22500 ,23150 ,22400 ,299.62K,0.44%
2020-06-01,23250 ,23300 ,23450 ,22900 ,0.47K,2.42%
2020-06-02,23450 ,23600 ,23600 ,22850 ,350.98K,0.86%
2020-06-03,22850 ,23500 ,23500 ,22600 ,0.01K,-2.56%
2020-06-04,22950 ,22850 ,23500 ,22600 ,2.78K,0.44%
2020-06-05,22750 ,23150 ,23200 ,22550 ,403.77K,-0.87%
2020-06-07,22750 ,22750 ,22750 ,22750 ,-,0.00%
2020-06-08,23550 ,23000 ,24000 ,22900 ,0.10K,3.52%
2020-06-09,23950 ,23600 ,24350 ,23250 ,0.18K,1.70%
2020-06-10,24650 ,24000 ,24950 ,23800 ,0.20K,2.92%
2020-06-11,23700 ,24800 ,24900 ,23250 ,0.00K,-3.85%
2020-06-12,22500 ,22150 ,22750 ,21950 ,813.02K,-5.06%
2020-06-14,22500 ,22500 ,22500 ,22500 ,-,0.00%
2020-06-15,20550 ,22800 ,23100 ,20550 ,743.73K,-8.67%
2020-06-16,21750 ,21250 ,22150 ,21250 ,0.05K,5.84%
2020-06-17,21350 ,21700 ,22000 ,21150 ,0.03K,-1.84%
2020-06-18,21200 ,21150 ,21300 ,20850 ,0.00K,-0.70%
2020-06-19,20950 ,21150 ,21350 ,20700 ,276.16K,-1.18%
2020-06-21,20950 ,20950 ,20950 ,20950 ,-,0.00%
2020-06-22,20750 ,20900 ,20900 ,20500 ,271.07K,-0.95%
2020-06-23,20500 ,20850 ,21700 ,20450 ,419.96K,-1.20%
2020-06-24,20750 ,20550 ,21150 ,20400 ,359.80K,1.22%
2020-06-25,20000 ,20350 ,20550 ,19600 ,576.42K,-3.61%
2020-06-26,19600 ,20150 ,20200 ,19200 ,406.07K,-2.00%
2020-06-29,18700 ,19400 ,19400 ,18600 ,362.15K,-4.59%
2020-06-30,19300 ,19000 ,19600 ,18850 ,325.09K,3.21%
2020-07-01,19400 ,19350 ,20250 ,19300 ,0.15K,0.52%
2020-07-02,21800 ,19550 ,22400 ,19550 ,0.67K,12.37%
2020-07-03,21700 ,22000 ,22000 ,20700 ,618.52K,-0.46%
2020-07-05,21700 ,21700 ,21700 ,21700 ,-,0.00%
2020-07-06,23000 ,21450 ,23000 ,21400 ,0.03K,5.99%
2020-07-07,23000 ,22900 ,23550 ,22500 ,0.14K,0.00%
2020-07-08,26150 ,23150 ,26600 ,23100 ,0.02K,13.70%
2020-07-09,25400 ,26450 ,26650 ,24700 ,1.26M,-2.87%
2020-07-10,26000 ,25150 ,26300 ,24600 ,1.01M,2.36%
2020-07-13,25350 ,25300 ,25450 ,24600 ,0.74K,-2.50%
2020-07-14,25750 ,25300 ,26050 ,24650 ,982.00K,1.58%
2020-07-15,27100 ,25950 ,27850 ,25600 ,0.42K,5.24%
2020-07-16,25400 ,27200 ,27500 ,24950 ,1.40M,-6.27%
2020-07-17,25400 ,25300 ,26300 ,24950 ,712.17K,0.00%
2020-07-19,25400 ,25400 ,25400 ,25400 ,-,0.00%
2020-07-20,23900 ,25300 ,25400 ,22800 ,0.55K,-5.91%
2020-07-21,23750 ,25650 ,25900 ,23750 ,2.08K,-0.63%
2020-07-22,24050 ,23700 ,24450 ,22700 ,1.10M,1.26%
2020-07-23,24400 ,24350 ,24950 ,23400 ,985.51K,1.46%
2020-07-24,24400 ,24100 ,24950 ,24050 ,743.24K,0.00%
2020-07-26,24400 ,24400 ,24400 ,24400 ,-,0.00%
2020-07-27,24800 ,24650 ,25100 ,24100 ,657.29K,1.64%
2020-07-28,24200 ,25150 ,25550 ,24100 ,0.24K,-2.42%
2020-07-29,23600 ,24200 ,24200 ,23500 ,0.12K,-2.48%
2020-07-30,22750 ,23500 ,23600 ,22550 ,0.16K,-3.60%
2020-07-31,23100 ,23000 ,23550 ,22850 ,426.37K,1.54%
2020-08-02,23100 ,23100 ,23100 ,23100 ,-,0.00%
2020-08-03,24100 ,23500 ,24150 ,22900 ,0.00K,4.33%
2020-08-04,24900 ,24300 ,25000 ,23650 ,832.07K,3.32%
2020-08-05,24200 ,25000 ,25550 ,23900 ,920.45K,-2.81%
2020-08-06,23600 ,24300 ,24300 ,23500 ,452.45K,-2.48%
2020-08-07,24250 ,23700 ,24350 ,23450 ,457.63K,2.75%
2020-08-09,24250 ,24250 ,24250 ,24250 ,-,0.00%
2020-08-10,23700 ,24500 ,24550 ,23550 ,489.23K,-2.27%
2020-08-11,23300 ,23650 ,23750 ,23200 ,0.01K,-1.69%
2020-08-12,23200 ,23300 ,23750 ,22650 ,0.15K,-0.43%
2020-08-13,24050 ,23400 ,24350 ,23100 ,0.05K,3.66%
2020-08-14,24750 ,24550 ,25150 ,24000 ,1.03M,2.91%
2020-08-17,24750 ,24750 ,24750 ,24750 ,-,0.00%
2020-08-18,23200 ,24750 ,25200 ,23050 ,844.19K,-6.26%
2020-08-19,24700 ,23600 ,24700 ,23400 ,1.60K,6.47%
2020-08-20,22950 ,23300 ,24100 ,22250 ,0.12K,-7.09%
2020-08-21,22200 ,22950 ,23150 ,21100 ,920.37K,-3.27%
2020-08-23,22200 ,22200 ,22200 ,22200 ,-,0.00%
2020-08-24,22300 ,22600 ,22600 ,21750 ,274.31K,0.45%
2020-08-25,22900 ,22300 ,23150 ,22150 ,348.76K,2.69%
2020-08-26,22750 ,22900 ,23100 ,22350 ,0.45K,-0.66%
2020-08-27,21950 ,22750 ,22750 ,21750 ,534.35K,-3.52%
2020-08-28,22400 ,22250 ,22700 ,21950 ,388.83K,2.05%
2020-08-30,22400 ,22400 ,22400 ,22400 ,-,0.00%
2020-08-31,22200 ,22550 ,22800 ,22100 ,0.01K,-0.89%
2020-09-01,21950 ,22100 ,22250 ,21750 ,0.10K,-1.13%
2020-09-02,22050 ,22100 ,22250 ,21850 ,237.21K,0.46%
2020-09-03,22400 ,22100 ,22650 ,21900 ,340.56K,1.59%
2020-09-04,21750 ,21550 ,21850 ,21450 ,461.16K,-2.90%
2020-09-06,21750 ,21750 ,21750 ,21750 ,-,0.00%
2020-09-07,21650 ,21600 ,21900 ,21200 ,273.28K,-0.46%
2020-09-08,21450 ,21550 ,21850 ,21400 ,0.00K,-0.92%
2020-09-09,20850 ,21100 ,21400 ,20850 ,329.64K,-2.80%
2020-09-10,20750 ,20900 ,21200 ,20400 ,306.60K,-0.48%
2020-09-11,21600 ,20400 ,23700 ,17850 ,7.99M,4.10%
2020-09-13,21600 ,21600 ,21600 ,21600 ,-,0.00%
2020-09-14,20750 ,20350 ,22500 ,20350 ,0.01K,-3.94%
2020-09-15,23350 ,21250 ,24500 ,20700 ,0.00K,12.53%
2020-09-16,23100 ,23400 ,23850 ,22550 ,0.45K,-1.07%
2020-09-17,23800 ,22950 ,24500 ,22300 ,0.10K,3.03%
2020-09-18,24250 ,23700 ,24600 ,23250 ,883.21K,1.89%
2020-09-20,24250 ,24250 ,24250 ,24250 ,-,0.00%
2020-09-21,26000 ,23850 ,28800 ,23500 ,1.69K,7.22%
2020-09-22,26600 ,26300 ,27750 ,25050 ,2.20M,2.31%
2020-09-23,25500 ,27350 ,27600 ,25500 ,3.27K,-4.14%
2020-09-24,23600 ,24800 ,25300 ,23400 ,0.10K,-7.45%
2020-09-25,24000 ,24050 ,24500 ,23450 ,640.18K,1.69%
2020-09-27,24000 ,24000 ,24000 ,24000 ,-,0.00%
2020-09-28,23200 ,23950 ,24450 ,22700 ,837.84K,-3.33%
2020-09-29,23100 ,23300 ,23500 ,22700 ,423.20K,-0.43%
2020-10-04,23100 ,23100 ,23100 ,23100 ,-,0.00%
2020-10-05,24200 ,22950 ,24600 ,22150 ,0.16K,4.76%
2020-10-06,23800 ,24000 ,24750 ,23550 ,0.37K,-1.65%
2020-10-07,24350 ,23650 ,25250 ,23650 ,714.13K,2.31%
2020-10-08,23850 ,24450 ,24600 ,23850 ,323.70K,-2.05%
2020-10-11,23850 ,23850 ,23850 ,23850 ,-,0.00%
2020-10-12,24550 ,23950 ,24850 ,23600 ,421.52K,2.94%
2020-10-13,24300 ,24600 ,24750 ,24000 ,0.64K,-1.02%
2020-10-14,23400 ,24050 ,24400 ,23300 ,0.96K,-3.70%
2020-10-15,22450 ,23100 ,23300 ,21850 ,0.21K,-4.06%
2020-10-16,22600 ,22300 ,23450 ,22000 ,280.06K,0.67%
2020-10-19,22850 ,22600 ,23350 ,22600 ,0.01K,1.11%
2020-10-20,22400 ,22650 ,22700 ,22100 ,0.05K,-1.97%
2020-10-21,22400 ,22750 ,23050 ,22250 ,0.01K,0.00%
2020-10-22,22000 ,22400 ,22650 ,21950 ,0.10K,-1.79%
2020-10-23,21700 ,22200 ,22200 ,21400 ,275.51K,-1.36%
2020-10-26,21000 ,21450 ,21650 ,20900 ,0.45K,-3.23%
2020-10-27,21000 ,20800 ,21300 ,20650 ,0.02K,0.00%
2020-10-28,21350 ,20950 ,21600 ,20850 ,201.93K,1.67%
2020-10-29,21900 ,21000 ,21950 ,20900 ,0.23K,2.58%
2020-10-30,21400 ,21800 ,21900 ,21400 ,148.62K,-2.28%
2020-11-01,21400 ,21400 ,21400 ,21400 ,-,0.00%
2020-11-02,21450 ,21200 ,21650 ,21050 ,134.00K,0.23%
2020-11-03,22050 ,21500 ,22200 ,21500 ,196.12K,2.80%
2020-11-04,22150 ,22150 ,22400 ,21750 ,169.70K,0.45%
2020-11-05,23050 ,23100 ,23550 ,22650 ,557.13K,4.06%
2020-11-06,24150 ,23200 ,24350 ,22550 ,660.84K,4.77%
2020-11-08,24150 ,24150 ,24150 ,24150 ,-,0.00%
2020-11-09,23950 ,23850 ,24550 ,23800 ,0.41K,-0.83%
2020-11-10,25100 ,23900 ,25150 ,23350 ,0.18K,4.80%
2020-11-11,25000 ,25150 ,25550 ,24450 ,0.04K,-0.40%
2020-11-12,25750 ,25000 ,26150 ,24650 ,633.43K,3.00%
2020-11-13,27700 ,26300 ,27950 ,26100 ,1.61M,7.57%
2020-11-15,27700 ,27700 ,27700 ,27700 ,-,0.00%
2020-11-16,25000 ,27050 ,27450 ,24400 ,0.56K,-9.75%
2020-11-17,24000 ,24700 ,25000 ,23150 ,969.78K,-4.00%
2020-11-18,24550 ,24200 ,24950 ,24150 ,0.92K,2.29%
2020-11-19,24450 ,24600 ,24700 ,24050 ,204.69K,-0.41%
2020-11-20,26100 ,24500 ,26350 ,24400 ,830.62K,6.75%
2020-11-22,26100 ,26100 ,26100 ,26100 ,-,0.00%
2020-11-23,26000 ,26250 ,26450 ,25200 ,506.84K,-0.38%
2020-11-24,25500 ,26250 ,26300 ,25100 ,0.01K,-1.92%
2020-11-25,24400 ,25450 ,25700 ,24100 ,561.53K,-4.31%
2020-11-26,23850 ,24200 ,24800 ,23500 ,443.24K,-2.25%
2020-11-27,24200 ,25450 ,25500 ,23950 ,890.19K,1.47%
2020-11-29,24200 ,24200 ,24200 ,24200 ,-,0.00%
2020-11-30,23550 ,23900 ,24200 ,23450 ,460.64K,-2.69%
2020-12-01,23500 ,23500 ,23650 ,23050 ,335.85K,-0.21%
2020-12-02,23900 ,23500 ,24600 ,23350 ,450.47K,1.70%
2020-12-03,23600 ,23900 ,24150 ,23600 ,0.50K,-1.26%
2020-12-04,23500 ,23600 ,23800 ,23100 ,321.38K,-0.42%
2020-12-07,22850 ,23400 ,23500 ,22700 ,431.20K,-2.77%
2020-12-08,22950 ,23050 ,23550 ,22850 ,248.56K,0.44%
2020-12-09,23550 ,23200 ,24200 ,23000 ,0.01K,2.61%
2020-12-10,23150 ,23250 ,23500 ,22950 ,356.97K,-1.70%
2020-12-11,23300 ,23300 ,23350 ,23000 ,259.59K,0.65%
2020-12-13,23300 ,23300 ,23300 ,23300 ,-,0.00%
2020-12-14,22750 ,23300 ,23300 ,22700 ,343.20K,-2.36%
2020-12-15,23100 ,22950 ,23550 ,22900 ,0.16K,1.54%
2020-12-16,23050 ,23100 ,23200 ,22850 ,193.22K,-0.22%
2020-12-17,23500 ,23150 ,23550 ,22950 ,302.62K,1.95%
2020-12-18,23000 ,23550 ,23550 ,22850 ,365.80K,-2.13%
2020-12-20,23000 ,23000 ,23000 ,23000 ,-,0.00%
2020-12-21,22850 ,23100 ,23100 ,22600 ,0.11K,-0.65%
2020-12-22,21950 ,22850 ,22850 ,21850 ,560.05K,-3.94%
2020-12-23,21900 ,21900 ,22550 ,21750 ,506.97K,-0.23%
2020-12-24,21700 ,21900 ,22150 ,21650 ,401.86K,-0.91%
2020-12-28,21500 ,22100 ,25100 ,21400 ,5.36M,-0.92%
2020-12-29,23400 ,22800 ,23700 ,22500 ,0.00K,8.84%
2020-12-30,23900 ,23600 ,24800 ,23000 ,1.01M,2.14%
2021-01-04,24850 ,23900 ,25100 ,23650 ,0.85K,3.97%
2021-01-05,29100 ,24850 ,31250 ,24500 ,0.56K,17.10%
2021-01-06,30350 ,29950 ,33500 ,29600 ,0.22K,4.30%
2021-01-07,27600 ,30800 ,30850 ,26500 ,0.81K,-9.06%
2021-01-08,26900 ,27800 ,28350 ,25800 ,1.32M,-2.54%
2021-01-10,26900 ,26900 ,26900 ,26900 ,-,0.00%
2021-01-11,25100 ,26950 ,26950 ,24600 ,0.64K,-6.69%
2021-01-12,25600 ,25550 ,26400 ,24500 ,0.41K,1.99%
2021-01-13,25250 ,25350 ,25600 ,24950 ,0.10K,-1.37%
2021-01-14,25600 ,25250 ,25600 ,24650 ,0.54K,1.39%
2021-01-15,25300 ,25600 ,26450 ,25150 ,549.45K,-1.17%
2021-01-17,25300 ,25300 ,25300 ,25300 ,-,0.00%
2021-01-18,24500 ,25150 ,25250 ,24500 ,315.12K,-3.16%
2021-01-19,24400 ,24300 ,24750 ,23200 ,0.01K,-0.41%
2021-01-20,25400 ,24500 ,25600 ,24050 ,463.43K,4.10%
2021-01-21,24950 ,25450 ,26150 ,24800 ,0.02K,-1.77%
2021-01-22,25150 ,24600 ,25200 ,24200 ,363.51K,0.80%
2021-01-24,25150 ,25150 ,25150 ,25150 ,-,0.00%
2021-01-25,25000 ,25350 ,25550 ,24650 ,0.13K,-0.60%
2021-01-26,25050 ,24900 ,25450 ,24450 ,246.07K,0.20%
